path,size_bytes,lines,extension,language,category,binary,sha256,encoding,tracked,week,day,exercise_root,exercise_kind,tier,is_test,is_readme,todo_count,trailing_whitespace_lines,mixed_line_endings,syntax_ok,syntax_error
.ai/CONTEXT.md,3700,58,.md,Markdown,documentation,False,1ba4f64c5eaeb0204d984c981de92b6b0ff64cae52d9dfcd871f226fc74d6d57,utf-8,True,,,,,,False,False,0,0,False,,
.ai/DECISIONS.md,2491,30,.md,Markdown,documentation,False,ed197860c072bcd37f6feb3acd87ef02594f547f1b2291187a4a00491c0fef49,utf-8,True,,,,,,False,False,0,0,False,,
.ai/HANDOFF_PROTOCOL.md,1577,59,.md,Markdown,documentation,False,e6436613e30c4d0cf4f02df88a5eb2da3ed3fdf9365d234bafc979392385717f,utf-8,True,,,,,,False,False,0,0,False,,
.ai/LEARNING_PROTOCOL.md,2288,45,.md,Markdown,documentation,False,4d83b50cb78b85d30054f9e3b1fd773481bcd6b70064d2ef2c60f84b95ec40ef,utf-8,True,,,,,,False,False,0,0,False,,
.ai/VISUAL_SYSTEM.md,2291,41,.md,Markdown,documentation,False,ac5e0bdc8a5f6f7e072e92cb604aa19e2acab17b4a19bc62ca4a92798f9662d7,utf-8,True,,,,,,False,False,0,0,False,,
.editorconfig,243,18,[no extension],Other,configuration,False,16b725578cc4efd980209803ceb7df16655549d90198b2c5ae8ebb179db9859f,utf-8,True,,,,,,False,False,0,0,False,,
.env.example,220,5,.example,Other,configuration,False,97d47dc9e711d4ac1c242f9d0420aa62f2cd85ec4123b443a9eb1a823778016e,utf-8,True,,,,,,False,False,0,0,False,,
.gitattributes,657,46,[no extension],Other,configuration,False,b4f8d1af2ab405eb246f97f7e8bbdf8795e665cd6901a6534585de33fb379253,utf-8,True,,,,,,False,False,0,0,False,,
.github/INTERNAL_GUIDE.md,4815,87,.md,Markdown,documentation,False,a331cf469dda4f9d613713bb393d6e6c923eccbce3ca05aed81848493d537401,utf-8,True,,,,,,False,False,0,0,False,,
.github/copilot-instructions.md,3030,79,.md,Markdown,documentation,False,eae3180385eeddfbf4944c9a6328efa094110918f03bdf68b31b800d574dd811,utf-8,True,,,,,,False,False,0,0,False,,
.github/dependabot.yml,259,12,.yml,YAML,configuration,False,571f7d0740af3cc23874c2e744498dc883556de027904b642d2ec6a1ebacb93d,utf-8,True,,,,,,False,False,0,0,False,,
.github/pull_request_template.md,1631,58,.md,Markdown,documentation,False,758e587b003b26a60248310d4d9f74bc580f5ce34d216f0a58f6edd061ae1418,utf-8,True,,,,,,False,False,0,0,False,,
.github/workflows/README.md,1529,57,.md,Markdown,documentation,False,6cfde94b6754fb79c70250e9bd0916d3c7518dac4322210cf4ad6a6721046b18,utf-8,True,,,,,,False,True,0,0,False,,
.github/workflows/quality.yml,1472,61,.yml,YAML,configuration,False,4e991ee9641d25c5aabc80efe5b77619e0dc3c2e30f7c7efe2a6644c2197bc8c,utf-8,True,,,,,,False,False,0,0,False,,
.gitignore,1149,84,[no extension],Other,configuration,False,2bdb8d03e1e79777456585cf4161bd7b94fb87b4461e0d9cab86d54fdea74024,utf-8,True,,,,,,False,False,0,0,False,,
.learning/OCTOPUS_INTAKE.md,9466,232,.md,Markdown,documentation,False,994644a4ea7f9d25982f741d8035508669fa83ccb14d93b4c5198089c61953b7,utf-8,True,,,,,,False,False,0,0,False,,
.learning/PROGRESS.md,4205,48,.md,Markdown,documentation,False,8d0e41ef5e6fd612067435c4786f75b1f6f1b36227514a8bd7499165964b5b98,utf-8,True,,,,,,False,False,0,0,False,,
.learning/REVIEW_QUEUE.md,4275,84,.md,Markdown,documentation,False,d2d27855c06aa299d543ba695703033b4ebca05f4f20c9972b8cb2ab3a5f9e1a,utf-8,True,,,,,,False,False,0,0,False,,
.learning/course-map.yml,8341,222,.yml,YAML,configuration,False,50dc0d6875291324daa09b9801b5e86084c72d6df13bba7074e65b7a9cc7bcae,utf-8,True,,,,,,False,False,0,0,False,,
.learning/display-map.json,13567,425,.json,JSON,configuration,False,95739c68000a545b95b5480dd5f0207e03f4065111b9ec29ac8c073acddc77bb,utf-8,True,,,,,,False,False,0,0,False,,
.learning/evidence/README.md,1421,42,.md,Markdown,documentation,False,5a8e1fdb57129462c51f435526f5dfad9992547c6422a24c0ff4af0df8af5607,utf-8,True,,,,,,False,True,0,0,False,,
.learning/intake/README.md,2267,62,.md,Markdown,documentation,False,09b2fb10fbeaef0848d8e26dfb3fef668e349456fa654c5f7eb07c3694108491,utf-8,True,,,,,,False,True,0,0,False,,
.learning/intake/exercise-intake.schema.json,2315,60,.json,JSON,configuration,False,30daceba60ad90467c31b210acfafb17bca6f9e8e703a2d5240789a6e003ab94,utf-8,True,,,,,,False,False,0,0,False,,
.learning/intake/queue.json,41,4,.json,JSON,configuration,False,3d49915c13f2efc95cb3990619de7b282ccbdda10a0e2d34d0f3219cdebacaab,utf-8,True,,,,,,False,False,0,0,False,,
.learning/sessions/README.md,989,46,.md,Markdown,documentation,False,9bb6a8c5c1b529425bf45c5901d86e3b13d92cdcafcaa9eb96f07313f6163406,utf-8,True,,,,,,False,True,0,0,False,,
.prettierignore,164,7,[no extension],Other,configuration,False,9596f376550ef2393661df74cc10c9b8543ff5ea9cdc78a930b1366bf9e22361,utf-8,True,,,,,,False,False,0,0,False,,
.prettierrc.json,228,12,.json,JSON,configuration,False,b9174f43f5c55f0579e7b7957661585c47bca33b27c6094a22f07ed3cf76af1d,utf-8,True,,,,,,False,False,0,0,False,,
AGENTS.md,7247,124,.md,Markdown,documentation,False,5c4aba6bb955b2ff5740dc346efce0581159a1c8d4de1a4288a0f8c0878d1954,utf-8,True,,,,,,False,False,0,0,False,,
CHANGELOG.md,8073,180,.md,Markdown,documentation,False,e906e8858a6636fbb093b1f57f70ea0d2c5161c5a6a5deb9bbf0ae2cde39c7a3,utf-8,True,,,,,,False,False,0,0,False,,
CONTRIBUTING.md,7295,184,.md,Markdown,documentation,False,bed0a122b9e920650e3da1235a9adafc04d81741b8f551737fc9d20f24f83fe7,utf-8,True,,,,,,False,False,0,0,False,,
FINAL_README_INSTALL_REPORT.md,9738,161,.md,Markdown,documentation,False,b24b15c170be192cfbe3bb97a2b3c9d602aeaef8dab73e0e1ee89940aa8ed44a,utf-8,True,,,,,,False,False,1,0,False,,
LICENSE,1049,21,[no extension],Other,asset,False,9232f9b035fa6f47b88e713cb8886a0031e3787258f05ef48608bfdc92b5b7e6,utf-8,True,,,,,,False,False,0,0,False,,
NOVA_AUDIT.bat,162,6,.bat,Other,asset,False,49e77565d85c32e595878a2b6b29983d44c4eaf349373b15d3218102dcf04ebd,utf-8,True,,,,,,False,False,0,0,False,,
NOVA_ROLLBACK.bat,168,6,.bat,Other,asset,False,269458c4b2b80a14937473a926473eda91f771a6b6224fcb203046a1a52c5cd0,utf-8,True,,,,,,False,False,0,0,False,,
NOVA_UPDATE.bat,262,6,.bat,Other,asset,False,c5e2899aad3cdb579592a35ffc25175b070064f1863659ce5a3f6480496a911a,utf-8,True,,,,,,False,False,0,0,False,,
README.md,38571,653,.md,Markdown,documentation,False,107ac57c8b59bf9d44f65b261439a07946ce2f54cd26cb8f5ebbb7c7944f2c41,utf-8,True,,,,,,False,True,3,0,False,,
SECURITY.md,2333,55,.md,Markdown,documentation,False,2e1ab344a68e490a7c39124a095ed5a9f259152e9308bf4f8211b88637cf6476,utf-8,True,,,,,,False,False,0,0,False,,
Week10AdvancedTypeScriptAndAuthentication/README.md,1806,38,.md,Markdown,documentation,False,a3b3a41c8786fc240a4b6b88ec09d326937a6cd8a6f11bfb9f06e0a1dfa37139,utf-8,True,Week10AdvancedTypeScriptAndAuthentication,,,,,False,True,0,0,False,,
Week11FinalProject/README.md,1756,40,.md,Markdown,documentation,False,2c95d8d9a63907b51490cc9f2eaaebacb3ed89d27a28e49b0ddf1e2df6cdd6b6,utf-8,True,Week11FinalProject,,,,,False,True,0,0,False,,
Week12FinalProject/README.md,1771,40,.md,Markdown,documentation,False,13c144071e32f70722c2e9a308307f1672f395309d068a6b6c75b508630254cb,utf-8,True,Week12FinalProject,,,,,False,True,0,0,False,,
Week1Python/.gitignore,1252,128,[no extension],Other,configuration,False,0456742d91770ed9671f46511dde184c55960304edfdb1ac70c2957394f3c4e2,utf-8,True,Week1Python,,,,,False,False,0,0,False,,
Week1Python/CHEATSHEET.md,9024,427,.md,Markdown,documentation,False,e840f20aec6fae3a8e994c0d1385ac972970aa8f137eb765d89d48d2e6c248bc,utf-8,True,Week1Python,,,,,False,False,0,0,False,,
Week1Python/Day1StartingwithPython/DailyChallenge/BuildUpAString/README.md,7023,271,.md,Markdown,documentation,False,fd488ff3e1057b75637398028475a2213b47bc2deafbc8045531dc54daff8bcb,utf-8,True,Week1Python,Day1StartingwithPython,Week1Python/Day1StartingwithPython/DailyChallenge/BuildUpAString,Daily Challenge,,False,True,0,8,False,,
Week1Python/Day1StartingwithPython/DailyChallenge/BuildUpAString/buildupastring.py,3089,131,.py,Python,source,False,c3358d4b349a9fcfce338cc5458159d8e360b9e096e9c654b7d5938a326cdac0,utf-8,True,Week1Python,Day1StartingwithPython,Week1Python/Day1StartingwithPython/DailyChallenge/BuildUpAString,Daily Challenge,,False,False,0,12,False,,
Week1Python/Day1StartingwithPython/DailyChallenge/README.md,1680,58,.md,Markdown,documentation,False,7378c2899b0e2e796920216f8edc7bfc8587b168d65698e0d5284d92dd8055e5,utf-8,True,Week1Python,Day1StartingwithPython,Week1Python/Day1StartingwithPython/DailyChallenge,Daily Challenge,,False,True,0,0,False,,
Week1Python/Day1StartingwithPython/Exercises/ExercisesXP/README.md,9376,362,.md,Markdown,documentation,False,014af8ffba0792dd239be75a144ec9f19e42d1753bccbd2572145ab95b3430a2,utf-8,True,Week1Python,Day1StartingwithPython,Week1Python/Day1StartingwithPython/Exercises/ExercisesXP,Exercise,XP,False,True,0,29,False,,
Week1Python/Day1StartingwithPython/Exercises/ExercisesXP/exercisesxp.py,5543,219,.py,Python,source,False,4ef9b01d56373f21c240bcbba3c60edb6e3086f6a7c69f52e82b06fa015c4135,utf-8,True,Week1Python,Day1StartingwithPython,Week1Python/Day1StartingwithPython/Exercises/ExercisesXP,Exercise,XP,False,False,0,22,False,,
Week1Python/Day1StartingwithPython/Exercises/ExercisesXPGold/README.md,6163,212,.md,Markdown,documentation,False,87413febe3ae24affe1a867afba82ae292ed65c8a13193cf82b4842fae114058,utf-8,True,Week1Python,Day1StartingwithPython,Week1Python/Day1StartingwithPython/Exercises/ExercisesXPGold,Exercise,XP Gold,False,True,0,9,False,,
Week1Python/Day1StartingwithPython/Exercises/ExercisesXPGold/exercisesxpgold.py,3013,117,.py,Python,source,False,823f5cc1514cdf913a7d7ecf980ee74d7f81d6ac67809d2f0bbe60449b240758,utf-8,True,Week1Python,Day1StartingwithPython,Week1Python/Day1StartingwithPython/Exercises/ExercisesXPGold,Exercise,XP Gold,False,False,0,10,False,,
Week1Python/Day1StartingwithPython/Exercises/ExercisesXPNinja/README.md,7734,234,.md,Markdown,documentation,False,1fdea1a4f09d188fca5f832b651fa764cbbfc5a2b31430124ac36790168a0990,utf-8,True,Week1Python,Day1StartingwithPython,Week1Python/Day1StartingwithPython/Exercises/ExercisesXPNinja,Exercise,XP,False,True,0,9,False,,
Week1Python/Day1StartingwithPython/Exercises/ExercisesXPNinja/exercisesxpninja.py,4885,146,.py,Python,source,False,bac4ded7d6fb87376d4880bb6761c26db726c9a4fdd7b39b22b4c4285cff672c,utf-8,True,Week1Python,Day1StartingwithPython,Week1Python/Day1StartingwithPython/Exercises/ExercisesXPNinja,Exercise,XP,False,False,0,22,False,,
Week1Python/Day1StartingwithPython/Exercises/README.md,1980,62,.md,Markdown,documentation,False,915faf874f22351130f8da04bfe2d7a6bb4c2780ee8ed59f23b44df09deea223,utf-8,True,Week1Python,Day1StartingwithPython,Week1Python/Day1StartingwithPython/Exercises,Exercise,,False,True,0,0,False,,
Week1Python/Day1StartingwithPython/README.md,19814,653,.md,Markdown,documentation,False,a6a9387b79ca7adb8bc919a608efc90852f152ef34041aa6b258f19328ad7477,utf-8,True,Week1Python,Day1StartingwithPython,,,,False,True,0,8,False,,
Week1Python/Day2ListsIteratingAndFormattingData/DailyChallenge/GoldHappyBirthday/README.md,6418,202,.md,Markdown,documentation,False,6746d9f87f111c0a03d9a5e3ddfab803eadb25a7234b18b02b2cfb8a53b4e3df,utf-8,True,Week1Python,Day2ListsIteratingAndFormattingData,Week1Python/Day2ListsIteratingAndFormattingData/DailyChallenge/GoldHappyBirthday,Daily Challenge,XP Gold,False,True,0,10,False,,
Week1Python/Day2ListsIteratingAndFormattingData/DailyChallenge/GoldHappyBirthday/happybirthday.py,2041,76,.py,Python,source,False,5013179d7c9e7368eaef677cf270ea2bbcd701e79f3d83a379754bd043698d7b,utf-8,True,Week1Python,Day2ListsIteratingAndFormattingData,Week1Python/Day2ListsIteratingAndFormattingData/DailyChallenge/GoldHappyBirthday,Daily Challenge,XP Gold,False,False,0,3,False,,
Week1Python/Day2ListsIteratingAndFormattingData/DailyChallenge/ListAndStrings/README.md,6765,240,.md,Markdown,documentation,False,d36b24a6153a152175a9d32afcabdbecb1c490a964ecab50f22ea502fc507317,utf-8,True,Week1Python,Day2ListsIteratingAndFormattingData,Week1Python/Day2ListsIteratingAndFormattingData/DailyChallenge/ListAndStrings,Daily Challenge,,False,True,0,8,False,,
Week1Python/Day2ListsIteratingAndFormattingData/DailyChallenge/ListAndStrings/dailychallengelistandstrings.py,2360,96,.py,Python,source,False,4684e054be4823be58bf18d7ff688b8a02eea70c86eb73d3cdc64ad7946fc94d,utf-8,True,Week1Python,Day2ListsIteratingAndFormattingData,Week1Python/Day2ListsIteratingAndFormattingData/DailyChallenge/ListAndStrings,Daily Challenge,,False,False,0,8,False,,
Week1Python/Day2ListsIteratingAndFormattingData/DailyChallenge/README.md,1941,60,.md,Markdown,documentation,False,6be832a50b6c575b596f3cc6188b7a8b0d47fa1cf8a6cfbeca402aad5189c2f4,utf-8,True,Week1Python,Day2ListsIteratingAndFormattingData,Week1Python/Day2ListsIteratingAndFormattingData/DailyChallenge,Daily Challenge,,False,True,0,0,False,,
Week1Python/Day2ListsIteratingAndFormattingData/Exercises/ExercisesXP/README.md,8053,267,.md,Markdown,documentation,False,a13c1ee7507f24521bd9545900edca032dcb2ef3033aacc5782ea6009a36a8a5,utf-8,True,Week1Python,Day2ListsIteratingAndFormattingData,Week1Python/Day2ListsIteratingAndFormattingData/Exercises/ExercisesXP,Exercise,XP,False,True,0,11,False,,
Week1Python/Day2ListsIteratingAndFormattingData/Exercises/ExercisesXP/exercisesxp.py,7201,236,.py,Python,source,False,ffba7ca05600f73e8ac03742c7e85ccc88ab2b61a6611a2df1880a43c003dcb5,utf-8,True,Week1Python,Day2ListsIteratingAndFormattingData,Week1Python/Day2ListsIteratingAndFormattingData/Exercises/ExercisesXP,Exercise,XP,False,False,0,15,False,,
Week1Python/Day2ListsIteratingAndFormattingData/Exercises/ExercisesXPGold/README.md,6896,227,.md,Markdown,documentation,False,ee76d7ab706f3680593b2e8eb580385f47a9dcc6923fb11f455ade0d9b85ca27,utf-8,True,Week1Python,Day2ListsIteratingAndFormattingData,Week1Python/Day2ListsIteratingAndFormattingData/Exercises/ExercisesXPGold,Exercise,XP Gold,False,True,0,9,False,,
Week1Python/Day2ListsIteratingAndFormattingData/Exercises/ExercisesXPGold/exercisesxpgold.py,5004,170,.py,Python,source,False,4305352ed383be738873f2859e9a6ce238a25f197d61594686c6da5c12e22d72,utf-8,True,Week1Python,Day2ListsIteratingAndFormattingData,Week1Python/Day2ListsIteratingAndFormattingData/Exercises/ExercisesXPGold,Exercise,XP Gold,False,False,0,5,False,,
Week1Python/Day2ListsIteratingAndFormattingData/Exercises/ExercisesXPNinja/README.md,9832,359,.md,Markdown,documentation,False,185468b0fadd6a7f19ff6578b6842ac77b71ea9ea832eec0aea9f4e5897ffb7b,utf-8,True,Week1Python,Day2ListsIteratingAndFormattingData,Week1Python/Day2ListsIteratingAndFormattingData/Exercises/ExercisesXPNinja,Exercise,XP,False,True,0,12,False,,
Week1Python/Day2ListsIteratingAndFormattingData/Exercises/ExercisesXPNinja/exercisesxpninja.py,5281,173,.py,Python,source,False,c76cad5def153cc0058c598a04d03946bce8d50177120cc1eec09f6213b3388e,utf-8,True,Week1Python,Day2ListsIteratingAndFormattingData,Week1Python/Day2ListsIteratingAndFormattingData/Exercises/ExercisesXPNinja,Exercise,XP,False,False,0,3,False,,
Week1Python/Day2ListsIteratingAndFormattingData/Exercises/README.md,2058,62,.md,Markdown,documentation,False,ed1986e06af528a9dbf62e0d7d027d2b29a01073400b768f0920a360d30d8256,utf-8,True,Week1Python,Day2ListsIteratingAndFormattingData,Week1Python/Day2ListsIteratingAndFormattingData/Exercises,Exercise,,False,True,0,0,False,,
Week1Python/Day2ListsIteratingAndFormattingData/README.md,17898,566,.md,Markdown,documentation,False,83ed3d2a36e82724922adaa70f32f4ebfe6a5c9b4256d3ad527c5989cadb63f7,utf-8,True,Week1Python,Day2ListsIteratingAndFormattingData,,,,False,True,0,7,False,,
Week1Python/Day3Dictionaries/DailyChallenge/CaesarCypher/README.md,2944,104,.md,Markdown,documentation,False,4ab7c3c7fe398d0e25f4b43175b743aebd05c465a514a5aed3087ae021d4ce2d,utf-8,True,Week1Python,Day3Dictionaries,Week1Python/Day3Dictionaries/DailyChallenge/CaesarCypher,Daily Challenge,,False,True,0,2,False,,
Week1Python/Day3Dictionaries/DailyChallenge/CaesarCypher/caesarcipher.py,5175,159,.py,Python,source,False,b6b208aba3f47948fcfaeecfb44c5169e87e280e43160c6b875f2503398787be,utf-8,True,Week1Python,Day3Dictionaries,Week1Python/Day3Dictionaries/DailyChallenge/CaesarCypher,Daily Challenge,,False,False,4,0,False,,
Week1Python/Day3Dictionaries/DailyChallenge/Dictionaries/README.md,14910,622,.md,Markdown,documentation,False,49d7b69e6bd554b8ed90bc98949c4a9f6bd83498b227cab9f5ce257f7b0283a8,utf-8,True,Week1Python,Day3Dictionaries,Week1Python/Day3Dictionaries/DailyChallenge/Dictionaries,Daily Challenge,,False,True,0,21,False,,
Week1Python/Day3Dictionaries/DailyChallenge/Dictionaries/dictionaries.py,1830,62,.py,Python,source,False,f505560c915a343d00fd37dd28f3f98495db19774871f6e50978e28b88f053ca,utf-8,True,Week1Python,Day3Dictionaries,Week1Python/Day3Dictionaries/DailyChallenge/Dictionaries,Daily Challenge,,False,False,0,0,False,,
Week1Python/Day3Dictionaries/DailyChallenge/README.md,1817,60,.md,Markdown,documentation,False,99a3ad989fff82bd46db963af8e49384d2daa4ae74e39b19acd1cd29b16b9c26,utf-8,True,Week1Python,Day3Dictionaries,Week1Python/Day3Dictionaries/DailyChallenge,Daily Challenge,,False,True,0,0,False,,
Week1Python/Day3Dictionaries/Exercises/ExercisesXP/README.md,17858,676,.md,Markdown,documentation,False,fcba84703753981d282dea1128285cfbb7b3047c286e49a084496dadcaa918d0,utf-8,True,Week1Python,Day3Dictionaries,Week1Python/Day3Dictionaries/Exercises/ExercisesXP,Exercise,XP,False,True,0,23,False,,
Week1Python/Day3Dictionaries/Exercises/ExercisesXP/exercisesxp.py,5256,166,.py,Python,source,False,5275e6dabba3f6358723d8e6870524b066549f9cc8fe4400978784080d535270,utf-8,True,Week1Python,Day3Dictionaries,Week1Python/Day3Dictionaries/Exercises/ExercisesXP,Exercise,XP,False,False,0,0,False,,
Week1Python/Day3Dictionaries/Exercises/ExercisesXPGold/README.md,4992,167,.md,Markdown,documentation,False,313c4bb277fe8d26de166bb3df43af3fd8d870cdddb5a854e5d4dc98fcb5f582,utf-8,True,Week1Python,Day3Dictionaries,Week1Python/Day3Dictionaries/Exercises/ExercisesXPGold,Exercise,XP Gold,False,True,0,2,False,,
Week1Python/Day3Dictionaries/Exercises/ExercisesXPGold/exercisesxpgold.py,2361,80,.py,Python,source,False,a988b9678c3c1c4ef3f992fe3c721b937d9a5e43934e12b89feee253b8299e38,utf-8,True,Week1Python,Day3Dictionaries,Week1Python/Day3Dictionaries/Exercises/ExercisesXPGold,Exercise,XP Gold,False,False,0,0,False,,
Week1Python/Day3Dictionaries/Exercises/ExercisesXPNinja/readme.md,3594,115,.md,Markdown,documentation,False,8b8524035d0caa80f516cf578caf2d4733cf2559dbb6ae4e6afde2fc4627c488,utf-8,True,Week1Python,Day3Dictionaries,Week1Python/Day3Dictionaries/Exercises/ExercisesXPNinja,Exercise,XP,False,True,0,2,False,,
Week1Python/Day3Dictionaries/Exercises/ExercisesXPNinja/xpninjacars.py,2901,94,.py,Python,source,False,22c43e4905b60af84f70369687d8ea662ccd4a5a4bb8c2972383840f763a8b79,utf-8,True,Week1Python,Day3Dictionaries,Week1Python/Day3Dictionaries/Exercises/ExercisesXPNinja,Exercise,XP,False,False,0,0,False,,
Week1Python/Day3Dictionaries/Exercises/ExercisesXPPlus/README.md,6991,243,.md,Markdown,documentation,False,dc3d2134ca7f265bc70309c30549067bfeb988840816a7daf98ea49534588c30,utf-8,True,Week1Python,Day3Dictionaries,Week1Python/Day3Dictionaries/Exercises/ExercisesXPPlus,Exercise,XP,False,True,0,7,False,,
Week1Python/Day3Dictionaries/Exercises/ExercisesXPPlus/exercisesxpplus.py,6599,187,.py,Python,source,False,4b66d59aa70a94d00a2f6496a36981b2366bbb2b390a6a4a00b7a06fdbf5cfa7,utf-8,True,Week1Python,Day3Dictionaries,Week1Python/Day3Dictionaries/Exercises/ExercisesXPPlus,Exercise,XP,False,False,0,0,False,,
Week1Python/Day3Dictionaries/Exercises/README.md,1934,62,.md,Markdown,documentation,False,d791f1b8f6d103a635a13bf94ad45c9778ccb94f54a5ce97288f5bee390cbb71,utf-8,True,Week1Python,Day3Dictionaries,Week1Python/Day3Dictionaries/Exercises,Exercise,,False,True,0,0,False,,
Week1Python/Day3Dictionaries/Exercises/TimedChallenge1/readme.md,2194,87,.md,Markdown,documentation,False,4874a5e6add9e03efd8e074ed9c4490f5b839cbfccc45557117f09437ad3ff0f,utf-8,True,Week1Python,Day3Dictionaries,Week1Python/Day3Dictionaries/Exercises/TimedChallenge1,Exercise,,False,True,0,2,False,,
Week1Python/Day3Dictionaries/Exercises/TimedChallenge1/timedsentence.py,1011,33,.py,Python,source,False,a7ac07164cf2014bfe9c725fbf9dec6e37b9cb31eb216ca941e8421dfbd592c9,utf-8,True,Week1Python,Day3Dictionaries,Week1Python/Day3Dictionaries/Exercises/TimedChallenge1,Exercise,,False,False,5,0,False,,
Week1Python/Day3Dictionaries/Exercises/TimedChallenge2/perfectnumber.py,1277,48,.py,Python,source,False,f742ff38c601c877997de7d4d79bbb582170565ca9a0fb5b433f8d5dd1ad9a18,utf-8,True,Week1Python,Day3Dictionaries,Week1Python/Day3Dictionaries/Exercises/TimedChallenge2,Exercise,,False,False,0,0,False,,
Week1Python/Day3Dictionaries/Exercises/TimedChallenge2/readme.md,2286,89,.md,Markdown,documentation,False,425e9eb6b5a3f3178cafa69727f44f63c81bd37a34d5322ecd8fdf719763f3d0,utf-8,True,Week1Python,Day3Dictionaries,Week1Python/Day3Dictionaries/Exercises/TimedChallenge2,Exercise,,False,True,0,2,False,,
Week1Python/Day3Dictionaries/README.md,27415,837,.md,Markdown,documentation,False,95e9969b12695e72f64cbcd3bbb6bc068cfb8b315ca449ff71aaeeb544fd7316,utf-8,True,Week1Python,Day3Dictionaries,,,,False,True,1,8,False,,
Week1Python/Day4Functions/DailyChallenge/README.md,1662,58,.md,Markdown,documentation,False,7af965091348b60b70da73ce57960e2220768cb1119fc20840307138616de891,utf-8,True,Week1Python,Day4Functions,Week1Python/Day4Functions/DailyChallenge,Daily Challenge,,False,True,0,0,False,,
Week1Python/Day4Functions/DailyChallenge/SolveTheMatrix/README.md,6242,248,.md,Markdown,documentation,False,d4df441b8e9f18ad56c38f787569f0ae1b5589d77e0c288877f3cb83e89f3063,utf-8,True,Week1Python,Day4Functions,Week1Python/Day4Functions/DailyChallenge/SolveTheMatrix,Daily Challenge,,False,True,0,8,False,,
Week1Python/Day4Functions/DailyChallenge/SolveTheMatrix/solvethematrix.py,1866,81,.py,Python,source,False,882a57a115ce4747e10f7222211587135a39c80252b22b9500907abecd670543,utf-8,True,Week1Python,Day4Functions,Week1Python/Day4Functions/DailyChallenge/SolveTheMatrix,Daily Challenge,,False,False,0,5,False,,
Week1Python/Day4Functions/Exercises/ExercisesXP/README.md,13883,501,.md,Markdown,documentation,False,2ab220748727b00c5e23aa29b84eebb95cc1102a9812ca76e69be849cdef9b8d,utf-8,True,Week1Python,Day4Functions,Week1Python/Day4Functions/Exercises/ExercisesXP,Exercise,XP,False,True,0,2,False,,
Week1Python/Day4Functions/Exercises/ExercisesXP/exercisesxp.py,4725,156,.py,Python,source,False,4efb192b880ef5f619a03abfc1b681f363f3eb092306b8341d071f377c56e9b5,utf-8,True,Week1Python,Day4Functions,Week1Python/Day4Functions/Exercises/ExercisesXP,Exercise,XP,False,False,0,5,False,,
Week1Python/Day4Functions/Exercises/ExercisesXPGold/README.md,17758,729,.md,Markdown,documentation,False,e37974464b864504983c5c415e2a8b01b8e75dc82aa4a7965ab5e28626d976b5,utf-8,True,Week1Python,Day4Functions,Week1Python/Day4Functions/Exercises/ExercisesXPGold,Exercise,XP Gold,False,True,0,35,False,,
Week1Python/Day4Functions/Exercises/ExercisesXPGold/xpgoldfunctions.py,2886,96,.py,Python,source,False,2983bc1a611d3a04770cbe0b8c8bbf676c630340635f217aac12210face11a68,utf-8,True,Week1Python,Day4Functions,Week1Python/Day4Functions/Exercises/ExercisesXPGold,Exercise,XP Gold,False,False,0,0,False,,
Week1Python/Day4Functions/Exercises/ExercisesXPNinja/README.md,6812,247,.md,Markdown,documentation,False,d0bed795a28344228ecee6b977dc886bd65e7e622b5b063c080f90873ef23347,utf-8,True,Week1Python,Day4Functions,Week1Python/Day4Functions/Exercises/ExercisesXPNinja,Exercise,XP,False,True,0,6,False,,
Week1Python/Day4Functions/Exercises/ExercisesXPNinja/xpninjafunctionssingle.py,8118,226,.py,Python,source,False,c44f86f672bff55cde060a5c45766f91f7ae4783f215372b969c0242ef7f15ef,utf-8,True,Week1Python,Day4Functions,Week1Python/Day4Functions/Exercises/ExercisesXPNinja,Exercise,XP,False,False,0,0,False,,
Week1Python/Day4Functions/Exercises/README.md,1938,62,.md,Markdown,documentation,False,6051d516f4e644906d461f1503e8a7f84e4888ca1f033171c092528175b4f48c,utf-8,True,Week1Python,Day4Functions,Week1Python/Day4Functions/Exercises,Exercise,,False,True,0,0,False,,
Week1Python/Day4Functions/Exercises/TimedChallenge1/countoccurence.py,995,40,.py,Python,source,False,279d9c6f8d2f8d194b29713b9471417fa6ba5cd0696ce796f0dec5118e45dd7e,utf-8,True,Week1Python,Day4Functions,Week1Python/Day4Functions/Exercises/TimedChallenge1,Exercise,,False,False,6,0,False,,
Week1Python/Day4Functions/Exercises/TimedChallenge1/readme.md,4258,189,.md,Markdown,documentation,False,ea646fa9fb3782f3f3e08b99403ca0ce934803837da18a7c09fe2bc49883d6a6,utf-8,True,Week1Python,Day4Functions,Week1Python/Day4Functions/Exercises/TimedChallenge1,Exercise,,False,True,0,5,False,,
Week1Python/Day4Functions/README.md,30992,1087,.md,Markdown,documentation,False,d6a6a95d9ed5d7b6ee0ea7c5a9b4e2ba26a587202d0f27f020ce60031aae69d8,utf-8,True,Week1Python,Day4Functions,,,,False,True,0,56,False,,
Week1Python/Day5MiniProject/DailyChallenge/AdvancedAlgorithm/README.md,8138,281,.md,Markdown,documentation,False,547d69e7f6b389816a83cd392cc38507dd686fd52acd43650a6706ca48170b80,utf-8,True,Week1Python,Day5MiniProject,Week1Python/Day5MiniProject/DailyChallenge/AdvancedAlgorithm,Daily Challenge,,False,True,0,5,False,,
Week1Python/Day5MiniProject/DailyChallenge/AdvancedAlgorithm/main.py,2450,58,.py,Python,source,False,af74c64d61206f9aa8dc386195da5e6bfe06c69d3615e1cf9b85bf649e7a51b7,utf-8,True,Week1Python,Day5MiniProject,Week1Python/Day5MiniProject/DailyChallenge/AdvancedAlgorithm,Daily Challenge,,False,False,0,0,False,,
Week1Python/Day5MiniProject/DailyChallenge/AdvancedAlgorithm/src/README.md,1790,60,.md,Markdown,documentation,False,600fb5f176de563862c35d69b4533a33331b5fc2619bc4769d82d21383b3d619,utf-8,True,Week1Python,Day5MiniProject,Week1Python/Day5MiniProject/DailyChallenge/AdvancedAlgorithm,Daily Challenge,,False,True,0,0,False,,
Week1Python/Day5MiniProject/DailyChallenge/AdvancedAlgorithm/src/demodata.py,863,25,.py,Python,source,False,913ed540f6cff5ec0b92a686a10301d0eae4012fd6918d3ce287998f91d6876c,utf-8,True,Week1Python,Day5MiniProject,Week1Python/Day5MiniProject/DailyChallenge/AdvancedAlgorithm,Daily Challenge,,False,False,6,0,False,,
Week1Python/Day5MiniProject/DailyChallenge/AdvancedAlgorithm/src/pairs.py,2160,64,.py,Python,source,False,d570a2787c0332730e9d0bd19c8e7d7d536ecf9829a90cef22b149f817bf5d36,utf-8,True,Week1Python,Day5MiniProject,Week1Python/Day5MiniProject/DailyChallenge/AdvancedAlgorithm,Daily Challenge,,False,False,0,0,False,,
Week1Python/Day5MiniProject/DailyChallenge/Challenges/README.md,7950,317,.md,Markdown,documentation,False,200e71487b3797d923e0f7c08217bf5f129788e77cc1172b5ec6d461aa8bbe30,utf-8,True,Week1Python,Day5MiniProject,Week1Python/Day5MiniProject/DailyChallenge/Challenges,Daily Challenge,,False,True,0,4,False,,
Week1Python/Day5MiniProject/DailyChallenge/Challenges/challenges.py,1634,57,.py,Python,source,False,cf61f34a64821f4fa17f05bdb04787ace678ba10c2117546b942683b1773ed6f,utf-8,True,Week1Python,Day5MiniProject,Week1Python/Day5MiniProject/DailyChallenge/Challenges,Daily Challenge,,False,False,0,0,False,,
Week1Python/Day5MiniProject/DailyChallenge/README.md,1652,58,.md,Markdown,documentation,False,f452720a57f2f1441fbe02fb072f3f454d85a60bcac5b93e9a78218507e11c4e,utf-8,True,Week1Python,Day5MiniProject,Week1Python/Day5MiniProject/DailyChallenge,Daily Challenge,,False,True,0,0,False,,
Week1Python/Day5MiniProject/Exercises/Challenges1/README.md,6650,214,.md,Markdown,documentation,False,e01c30b19faefa26d9f9c1fe904e0ac1731ba7aa5d392e69acf61e6c617787f0,utf-8,True,Week1Python,Day5MiniProject,Week1Python/Day5MiniProject/Exercises/Challenges1,Exercise,,False,True,0,2,False,,
Week1Python/Day5MiniProject/Exercises/Challenges1/challengessolutions.py,10960,396,.py,Python,source,False,4b464062097e6e2717698154d01ba9e10cef87c81f087d5eabeacad07d80ed68,utf-8,True,Week1Python,Day5MiniProject,Week1Python/Day5MiniProject/Exercises/Challenges1,Exercise,,False,False,0,1,False,,
Week1Python/Day5MiniProject/Exercises/Challenges2/README.md,7095,275,.md,Markdown,documentation,False,e38654d2235c5036e29cab6517697ea158db047cc038d8bb0d9377b44cd4d7cf,utf-8,True,Week1Python,Day5MiniProject,Week1Python/Day5MiniProject/Exercises/Challenges2,Exercise,,False,True,0,5,False,,
Week1Python/Day5MiniProject/Exercises/Challenges2/main.py,954,34,.py,Python,source,False,9ae40e294e91d05df0a8c12bd055a471abb48e4d014a63ad5a368c46eec37053,utf-8,True,Week1Python,Day5MiniProject,Week1Python/Day5MiniProject/Exercises/Challenges2,Exercise,,False,False,0,0,False,,
Week1Python/Day5MiniProject/Exercises/Challenges2/src/README.md,1756,60,.md,Markdown,documentation,False,3358539c457e709acc87b2c5fca74d6f1a5c64915235de8eb8ebb9b48238f7a7,utf-8,True,Week1Python,Day5MiniProject,Week1Python/Day5MiniProject/Exercises/Challenges2,Exercise,,False,True,0,0,False,,
Week1Python/Day5MiniProject/Exercises/Challenges2/src/ex2analysis.py,2596,60,.py,Python,source,False,babf94b6f6c223939c9979c4c2b7afffee626c63b4e73151b5af5ae54904f158,utf-8,True,Week1Python,Day5MiniProject,Week1Python/Day5MiniProject/Exercises/Challenges2,Exercise,,False,False,0,0,False,,
Week1Python/Day5MiniProject/Exercises/Challenges2/src/patterns.py,1828,86,.py,Python,source,False,3bbe399e8ff569d6d33403c9f70bb0d30ec04c5a4783277c8fa1def3119a2bd7,utf-8,True,Week1Python,Day5MiniProject,Week1Python/Day5MiniProject/Exercises/Challenges2,Exercise,,False,False,0,0,False,,
Week1Python/Day5MiniProject/Exercises/Hangman/README.md,22379,770,.md,Markdown,documentation,False,37270a0aaeef825e5904128ef5b94b50a1729021dd4771403caa648b10464826,utf-8,True,Week1Python,Day5MiniProject,Week1Python/Day5MiniProject/Exercises/Hangman,Exercise,,False,True,0,20,False,,
Week1Python/Day5MiniProject/Exercises/Hangman/main.py,1998,65,.py,Python,source,False,0a2d9ef619dfe050f640b1f4d5bbdf02770f98c2cb574c04c0ab33d7a34c0a17,utf-8,True,Week1Python,Day5MiniProject,Week1Python/Day5MiniProject/Exercises/Hangman,Exercise,,False,False,0,0,False,,
Week1Python/Day5MiniProject/Exercises/Hangman/src/README.md,1832,62,.md,Markdown,documentation,False,f4d8183dd2ca8b5be16695470f7ec13530c72ae548fe3963cfd17813a451c353,utf-8,True,Week1Python,Day5MiniProject,Week1Python/Day5MiniProject/Exercises/Hangman,Exercise,,False,True,0,0,False,,
Week1Python/Day5MiniProject/Exercises/Hangman/src/art.py,1015,71,.py,Python,source,False,9464849e8d6f6c1602818cf862e798ff5d48fa9cd0dc0575cd3ab7c4a3d012f5,utf-8,True,Week1Python,Day5MiniProject,Week1Python/Day5MiniProject/Exercises/Hangman,Exercise,,False,False,0,0,False,,
Week1Python/Day5MiniProject/Exercises/Hangman/src/game.py,3189,100,.py,Python,source,False,77715e3364ae29f289af3bc4efe9ec2ad135ac05e720fb62633484cd2e15f698,utf-8,True,Week1Python,Day5MiniProject,Week1Python/Day5MiniProject/Exercises/Hangman,Exercise,,False,False,0,0,False,,
Week1Python/Day5MiniProject/Exercises/Hangman/src/words.py,599,23,.py,Python,source,False,a5d982f0d17cc1c826315fb12f171f05676c9f41d4a3d48d3dcdae6d1d887703,utf-8,True,Week1Python,Day5MiniProject,Week1Python/Day5MiniProject/Exercises/Hangman,Exercise,,False,False,0,0,False,,
Week1Python/Day5MiniProject/Exercises/README.md,1725,60,.md,Markdown,documentation,False,72d9d1ee2c651a11f8b1982c3970e43bd3f0d2cc126f052cb519eff94d26de23,utf-8,True,Week1Python,Day5MiniProject,Week1Python/Day5MiniProject/Exercises,Exercise,,False,True,0,0,False,,
Week1Python/Day5MiniProject/Exercises/TicTacToe/README.md,2483,84,.md,Markdown,documentation,False,777e2295a01460670b8c8ca178a258c361f92f2f7d512ad941502fe832b297c8,utf-8,True,Week1Python,Day5MiniProject,Week1Python/Day5MiniProject/Exercises/TicTacToe,Exercise,,False,True,0,0,False,,
Week1Python/Day5MiniProject/Exercises/TicTacToe/tictactoe.py,3960,119,.py,Python,source,False,815b854b54675312bb029177de6daafe27253baec75a2b8293a421c68eb85d7a,utf-8,True,Week1Python,Day5MiniProject,Week1Python/Day5MiniProject/Exercises/TicTacToe,Exercise,,False,False,0,2,False,,
Week1Python/Day5MiniProject/README.md,34605,1145,.md,Markdown,documentation,False,096627cbd02b94693e1839dcee5e590472a77709dc31d0620406c25bdf27aa82,utf-8,True,Week1Python,Day5MiniProject,,,,False,True,3,28,False,,
Week1Python/README.md,25076,746,.md,Markdown,documentation,False,ccef879e519af4c61579c6855590c37b477823d2ad20633dd96d90d94032e159,utf-8,True,Week1Python,,,,,False,True,0,10,False,,
Week2OOP/Day1IntroductiontoOOP/DailyChallenge/README.md,7683,246,.md,Markdown,documentation,False,a5ef13689ff21ce69734166fc76c1598ac9a47eb240a100af0e5d4e54ae020c0,utf-8,True,Week2OOP,Day1IntroductiontoOOP,Week2OOP/Day1IntroductiontoOOP/DailyChallenge,Daily Challenge,,False,True,0,7,False,,
Week2OOP/Day1IntroductiontoOOP/DailyChallenge/oldmcdonaldsfarm.py,1459,44,.py,Python,source,False,bfdba95aea4f78762addcb05e9d1e1ba3ee5edda0b07b48d7b21f367b7118f65,utf-8,True,Week2OOP,Day1IntroductiontoOOP,Week2OOP/Day1IntroductiontoOOP/DailyChallenge,Daily Challenge,,False,False,0,0,False,,
Week2OOP/Day1IntroductiontoOOP/Exercises/ExercisesXP/README.md,2304,88,.md,Markdown,documentation,False,23b5b857a237d5a6966fba0e5dd832c7840ad83ab99275079caed9a85633845e,utf-8,True,Week2OOP,Day1IntroductiontoOOP,Week2OOP/Day1IntroductiontoOOP/Exercises/ExercisesXP,Exercise,XP,False,True,0,0,False,,
Week2OOP/Day1IntroductiontoOOP/Exercises/ExercisesXP/exercisesxp.py,21295,660,.py,Python,source,False,a1456d2eb99fbccc73a317c2d861b7dabd2c5c27b55ec39f2cd67a1f3e230269,utf-8,True,Week2OOP,Day1IntroductiontoOOP,Week2OOP/Day1IntroductiontoOOP/Exercises/ExercisesXP,Exercise,XP,False,False,0,109,False,,
Week2OOP/Day1IntroductiontoOOP/Exercises/ExercisesXPGold/exercisesxpgold.py,6971,188,.py,Python,source,False,c4923c55079bb9378917e0318a317efc4113d7a50d6c4b3b2160555267adf75f,utf-8,True,Week2OOP,Day1IntroductiontoOOP,Week2OOP/Day1IntroductiontoOOP/Exercises/ExercisesXPGold,Exercise,XP Gold,False,False,0,0,False,,
Week2OOP/Day1IntroductiontoOOP/Exercises/ExercisesXPGold/readme.md,2706,93,.md,Markdown,documentation,False,07e2975a380a38a8fa097719473f40b8e2ee287cbc3e1d77002cefcaa18c2953,utf-8,True,Week2OOP,Day1IntroductiontoOOP,Week2OOP/Day1IntroductiontoOOP/Exercises/ExercisesXPGold,Exercise,XP Gold,False,True,0,3,False,,
Week2OOP/Day1IntroductiontoOOP/Exercises/ExercisesXPNinja/exercisesxpninja.py,4589,132,.py,Python,source,False,fc7cf4ab193fb6c2b5fc27f639d6a42901617cbf9974c6113781bfc112e73ea4,utf-8,True,Week2OOP,Day1IntroductiontoOOP,Week2OOP/Day1IntroductiontoOOP/Exercises/ExercisesXPNinja,Exercise,XP,False,False,0,0,False,,
Week2OOP/Day1IntroductiontoOOP/Exercises/ExercisesXPNinja/readme.md,2742,91,.md,Markdown,documentation,False,b5148cf615f2a4d726e992995a021681be0df61097e2c1cdd848e2d591146637,utf-8,True,Week2OOP,Day1IntroductiontoOOP,Week2OOP/Day1IntroductiontoOOP/Exercises/ExercisesXPNinja,Exercise,XP,False,True,0,1,False,,
Week2OOP/Day1IntroductiontoOOP/Exercises/README.md,7211,218,.md,Markdown,documentation,False,099b3641f81a44ceea4767496b8b3c92a0e7640246797beba4743c1994d225f0,utf-8,True,Week2OOP,Day1IntroductiontoOOP,Week2OOP/Day1IntroductiontoOOP/Exercises,Exercise,,False,True,0,5,False,,
Week2OOP/Day1IntroductiontoOOP/README.md,9722,285,.md,Markdown,documentation,False,f022466bba6d5afc19c9ecfc8a5035585490c376057727139bf9bc9de6e50e3f,utf-8,True,Week2OOP,Day1IntroductiontoOOP,,,,False,True,0,11,False,,
Week2OOP/Day2OOPInheritanceEncapsulationPolymorphism/DailyChallenge/Pagination/README.md,3525,97,.md,Markdown,documentation,False,86987db2529a3698ff65b74146819754009c69ad2d8a47f3a2b8a54d642f2c58,utf-8,True,Week2OOP,Day2OOPInheritanceEncapsulationPolymorphism,Week2OOP/Day2OOPInheritanceEncapsulationPolymorphism/DailyChallenge/Pagination,Daily Challenge,,False,True,0,0,False,,
Week2OOP/Day2OOPInheritanceEncapsulationPolymorphism/DailyChallenge/Pagination/pagination.py,2359,73,.py,Python,source,False,bfe8c2d0e7e5715686b00e2510f410b6962e7663bf0581de9e448556369bc4cd,utf-8,True,Week2OOP,Day2OOPInheritanceEncapsulationPolymorphism,Week2OOP/Day2OOPInheritanceEncapsulationPolymorphism/DailyChallenge/Pagination,Daily Challenge,,False,False,0,0,False,,
Week2OOP/Day2OOPInheritanceEncapsulationPolymorphism/DailyChallenge/README.md,1700,58,.md,Markdown,documentation,False,725c3496b662942f0fe2b5804e9c6f2d56a7e15a46081404e0bcb52d0a60eb96,utf-8,True,Week2OOP,Day2OOPInheritanceEncapsulationPolymorphism,Week2OOP/Day2OOPInheritanceEncapsulationPolymorphism/DailyChallenge,Daily Challenge,,False,True,0,0,False,,
Week2OOP/Day2OOPInheritanceEncapsulationPolymorphism/Exercises/ExercisesXP/README.md,3732,104,.md,Markdown,documentation,False,a11b481e50c3f06444eb09d094feaf3705892f7f2c4bfb270bbc2941f409646f,utf-8,True,Week2OOP,Day2OOPInheritanceEncapsulationPolymorphism,Week2OOP/Day2OOPInheritanceEncapsulationPolymorphism/Exercises/ExercisesXP,Exercise,XP,False,True,0,0,False,,
Week2OOP/Day2OOPInheritanceEncapsulationPolymorphism/Exercises/ExercisesXP/exercisesxp.py,4159,162,.py,Python,source,False,c4f2cfbdb475a3d76f054ed5c24f19f2b545ed97e8a222fda8fdbccdf8c06eeb,utf-8,True,Week2OOP,Day2OOPInheritanceEncapsulationPolymorphism,Week2OOP/Day2OOPInheritanceEncapsulationPolymorphism/Exercises/ExercisesXP,Exercise,XP,False,False,0,0,False,,
Week2OOP/Day2OOPInheritanceEncapsulationPolymorphism/Exercises/ExercisesXPGold/exercisesxpgoldinheritance.py,9624,240,.py,Python,source,False,0afb0b495a0afc3269d69747498b2868bed94cac20ad38b5d625ac776d987e0e,utf-8,True,Week2OOP,Day2OOPInheritanceEncapsulationPolymorphism,Week2OOP/Day2OOPInheritanceEncapsulationPolymorphism/Exercises/ExercisesXPGold,Exercise,XP Gold,False,False,0,1,False,,
Week2OOP/Day2OOPInheritanceEncapsulationPolymorphism/Exercises/ExercisesXPGold/readme.md,3233,96,.md,Markdown,documentation,False,ad67aa1dfea490c232871e6dcef3741e534876d9b3d6465f73a0274411b84048,utf-8,True,Week2OOP,Day2OOPInheritanceEncapsulationPolymorphism,Week2OOP/Day2OOPInheritanceEncapsulationPolymorphism/Exercises/ExercisesXPGold,Exercise,XP Gold,False,True,0,2,False,,
Week2OOP/Day2OOPInheritanceEncapsulationPolymorphism/Exercises/ExercisesXPNinja/exercisesxpninjainheritance.py,8399,223,.py,Python,source,False,591ec5057f966cfea94f8e497b9b0c0862fbd3713e405f0f8641e0d5e5bed4d0,utf-8,True,Week2OOP,Day2OOPInheritanceEncapsulationPolymorphism,Week2OOP/Day2OOPInheritanceEncapsulationPolymorphism/Exercises/ExercisesXPNinja,Exercise,XP,False,False,0,1,False,,
Week2OOP/Day2OOPInheritanceEncapsulationPolymorphism/Exercises/ExercisesXPNinja/readme.md,3213,99,.md,Markdown,documentation,False,bd0a89167dda6bd1f8a1dd3ba7bf9e05d4c600d5462f24892ee556c197688bb4,utf-8,True,Week2OOP,Day2OOPInheritanceEncapsulationPolymorphism,Week2OOP/Day2OOPInheritanceEncapsulationPolymorphism/Exercises/ExercisesXPNinja,Exercise,XP,False,True,0,10,False,,
Week2OOP/Day2OOPInheritanceEncapsulationPolymorphism/Exercises/README.md,2130,62,.md,Markdown,documentation,False,73f905b26f5226032d1d66cdd841c13a21e998f7fa1506234c109e6920ac7532,utf-8,True,Week2OOP,Day2OOPInheritanceEncapsulationPolymorphism,Week2OOP/Day2OOPInheritanceEncapsulationPolymorphism/Exercises,Exercise,,False,True,0,0,False,,
Week2OOP/Day2OOPInheritanceEncapsulationPolymorphism/README.md,11727,382,.md,Markdown,documentation,False,84977e20594c2fddaa4e202c424dbb90f48f6c0e247bdf97f89c6fd2ee6de193,utf-8,True,Week2OOP,Day2OOPInheritanceEncapsulationPolymorphism,,,,False,True,0,21,False,,
Week2OOP/Day3OOPandModules/DailyChallenge/Circle/README.md,3137,96,.md,Markdown,documentation,False,e4ce8f6a21c1feffff612d23b93b73e2cbbc59e6ec837cae35c793f52f9d2eb4,utf-8,True,Week2OOP,Day3OOPandModules,Week2OOP/Day3OOPandModules/DailyChallenge/Circle,Daily Challenge,,False,True,0,0,False,,
Week2OOP/Day3OOPandModules/DailyChallenge/Circle/circle.py,2677,94,.py,Python,source,False,cbde875f00dc513f404a53ab32fa31f9e09ede89902a556540792b42485ffa0f,utf-8,True,Week2OOP,Day3OOPandModules,Week2OOP/Day3OOPandModules/DailyChallenge/Circle,Daily Challenge,,False,False,0,0,False,,
Week2OOP/Day3OOPandModules/DailyChallenge/README.md,1979,62,.md,Markdown,documentation,False,61bb3f5fc64cfb948b11fabfc382e05e218e0b9d20b871e5b73e2a7b68cfa33d,utf-8,True,Week2OOP,Day3OOPandModules,Week2OOP/Day3OOPandModules/DailyChallenge,Daily Challenge,,False,True,0,0,False,,
Week2OOP/Day3OOPandModules/DailyChallenge/Translator/dailychallengetranslator.py,2469,66,.py,Python,source,False,fa2c686ceecf095461de561d6e88b9dd259d4a89d58f1eb6aad414e55019d833,utf-8,True,Week2OOP,Day3OOPandModules,Week2OOP/Day3OOPandModules/DailyChallenge/Translator,Daily Challenge,,False,False,0,1,False,,
Week2OOP/Day3OOPandModules/DailyChallenge/Translator/readme.md,2581,83,.md,Markdown,documentation,False,c01c3508bc33d2bce43a1a0b7cd75741fc7b4fb3709fae3d61133f8960fe3a40,utf-8,True,Week2OOP,Day3OOPandModules,Week2OOP/Day3OOPandModules/DailyChallenge/Translator,Daily Challenge,,False,True,0,1,False,,
Week2OOP/Day3OOPandModules/DailyChallenge/UserInfo/dailychallengegolduserinfo.py,2986,84,.py,Python,source,False,7fc4fb9ee8cb3bd14f94f849d7aec18c57dd6442557b7139f959dbe0add91e2e,utf-8,True,Week2OOP,Day3OOPandModules,Week2OOP/Day3OOPandModules/DailyChallenge/UserInfo,Daily Challenge,,False,False,0,2,False,,
Week2OOP/Day3OOPandModules/DailyChallenge/UserInfo/readme.md,2514,89,.md,Markdown,documentation,False,67c79644f0f1666c2e626f0c0865a82775b71e6dac10b9fff7ab3133a1a83e7e,utf-8,True,Week2OOP,Day3OOPandModules,Week2OOP/Day3OOPandModules/DailyChallenge/UserInfo,Daily Challenge,,False,True,0,1,False,,
Week2OOP/Day3OOPandModules/Exercises/ExercisesXP/README.md,4901,159,.md,Markdown,documentation,False,faec61a287770f50d62756881326998d72958dc20f0369b3717e07da776d2f71,utf-8,True,Week2OOP,Day3OOPandModules,Week2OOP/Day3OOPandModules/Exercises/ExercisesXP,Exercise,XP,False,True,0,8,False,,
Week2OOP/Day3OOPandModules/Exercises/ExercisesXP/xp_oop_modules_all.py,7681,231,.py,Python,source,False,8dfb5173fb18d60e5c32527754f9a7116fe823ba8f6e1e2957c8752d0f204638,utf-8,True,Week2OOP,Day3OOPandModules,Week2OOP/Day3OOPandModules/Exercises/ExercisesXP,Exercise,XP,False,False,0,0,False,,
Week2OOP/Day3OOPandModules/Exercises/ExercisesXPGold/exercisesxpgoldmodules.py,6018,175,.py,Python,source,False,a3b67a8cc9b3b33d4cac8e7303e2dd1fb4c5186e553fd9eda77f221fa58e1ee2,utf-8,True,Week2OOP,Day3OOPandModules,Week2OOP/Day3OOPandModules/Exercises/ExercisesXPGold,Exercise,XP Gold,False,False,0,0,False,,
Week2OOP/Day3OOPandModules/Exercises/ExercisesXPGold/readme.md,2415,73,.md,Markdown,documentation,False,ae793c7730d5c842e1f4f1a1d6bf645fd42ed6c50493b9490eb01f6499396f5d,utf-8,True,Week2OOP,Day3OOPandModules,Week2OOP/Day3OOPandModules/Exercises/ExercisesXPGold,Exercise,XP Gold,False,True,0,5,False,,
Week2OOP/Day3OOPandModules/Exercises/ExercisesXPNinja/exercisesxpninjadunder.py,10195,303,.py,Python,source,False,c11fd9074367aee3392467e9a5c665e2fa31a0f8a9d7f56959206c11603ba540,utf-8,True,Week2OOP,Day3OOPandModules,Week2OOP/Day3OOPandModules/Exercises/ExercisesXPNinja,Exercise,XP,False,False,0,0,False,,
Week2OOP/Day3OOPandModules/Exercises/ExercisesXPNinja/readme.md,2882,86,.md,Markdown,documentation,False,4c3200bef7f7b9490f6bff2e6f86fb48032689f211b7ae93ac2cf5fc9a4d712f,utf-8,True,Week2OOP,Day3OOPandModules,Week2OOP/Day3OOPandModules/Exercises/ExercisesXPNinja,Exercise,XP,False,True,0,1,False,,
Week2OOP/Day3OOPandModules/Exercises/README.md,3980,97,.md,Markdown,documentation,False,1daf007c710fb2eb014ad81bac54b81f6b2102177d2352bd75794d89ee652a1b,utf-8,True,Week2OOP,Day3OOPandModules,Week2OOP/Day3OOPandModules/Exercises,Exercise,,False,True,0,0,False,,
Week2OOP/Day3OOPandModules/README.md,22772,860,.md,Markdown,documentation,False,ed4ea03a77dfb30316d621b515bca023fdc66ffbe378b99b87090452cd559c1e,utf-8,True,Week2OOP,Day3OOPandModules,,,,False,True,0,62,False,,
Week2OOP/Day4PythonFileIOJSONandAPI/DailyChallenge/README.md,1700,58,.md,Markdown,documentation,False,7d613a95b2015f7588df200bf1946d4b7c30eaf398d50616102b9a2624666cfd,utf-8,True,Week2OOP,Day4PythonFileIOJSONandAPI,Week2OOP/Day4PythonFileIOJSONandAPI/DailyChallenge,Daily Challenge,,False,True,0,0,False,,
Week2OOP/Day4PythonFileIOJSONandAPI/DailyChallenge/TextAnalysis/dailychallengetextanalysis.py,5862,140,.py,Python,source,False,fcdb43386fcc7f6beddad2c8675d68580fe7ad916ff59b3a26c53d141a6e46d9,utf-8,True,Week2OOP,Day4PythonFileIOJSONandAPI,Week2OOP/Day4PythonFileIOJSONandAPI/DailyChallenge/TextAnalysis,Daily Challenge,,False,False,0,0,False,,
Week2OOP/Day4PythonFileIOJSONandAPI/DailyChallenge/TextAnalysis/readme.md,2987,89,.md,Markdown,documentation,False,3a9864083d81c5a7c3ca9cdb811d9533d0c8e30a632cb696ade61922c60af7e1,utf-8,True,Week2OOP,Day4PythonFileIOJSONandAPI,Week2OOP/Day4PythonFileIOJSONandAPI/DailyChallenge/TextAnalysis,Daily Challenge,,False,True,0,1,False,,
Week2OOP/Day4PythonFileIOJSONandAPI/Exercises/ExercisesXP/README.md,3306,109,.md,Markdown,documentation,False,860f606df02ed1b750574689d16513b5609382f6aa9b7878b639a7654e8d5f7d,utf-8,True,Week2OOP,Day4PythonFileIOJSONandAPI,Week2OOP/Day4PythonFileIOJSONandAPI/Exercises/ExercisesXP,Exercise,XP,False,True,0,0,False,,
Week2OOP/Day4PythonFileIOJSONandAPI/Exercises/ExercisesXP/xp_files_json_all.py,5486,155,.py,Python,source,False,9494b704432f80315d41398e72a516aa753cf4b9bc008171f501b84e924179e4,utf-8,True,Week2OOP,Day4PythonFileIOJSONandAPI,Week2OOP/Day4PythonFileIOJSONandAPI/Exercises/ExercisesXP,Exercise,XP,False,False,0,4,False,,
Week2OOP/Day4PythonFileIOJSONandAPI/Exercises/ExercisesXPGold/giphyexercises.py,4448,119,.py,Python,source,False,686b7baa140dc2bf52b8c3c0fcbee9e32c21de082fad4842f786b08eff8101a1,utf-8,True,Week2OOP,Day4PythonFileIOJSONandAPI,Week2OOP/Day4PythonFileIOJSONandAPI/Exercises/ExercisesXPGold,Exercise,XP Gold,False,False,0,1,False,,
Week2OOP/Day4PythonFileIOJSONandAPI/Exercises/ExercisesXPGold/menueditor.py,2693,83,.py,Python,source,False,42f54f98f6dea5c39d1414a2deae8792a17c768640532c77a60fe54f02160164,utf-8,True,Week2OOP,Day4PythonFileIOJSONandAPI,Week2OOP/Day4PythonFileIOJSONandAPI/Exercises/ExercisesXPGold,Exercise,XP Gold,False,False,0,0,False,,
Week2OOP/Day4PythonFileIOJSONandAPI/Exercises/ExercisesXPGold/menumanager.py,3021,80,.py,Python,source,False,1172a3a272fb913561ca1e7588ca221b51785c0bc6410e9135ecf4c46c0a4ee6,utf-8,True,Week2OOP,Day4PythonFileIOJSONandAPI,Week2OOP/Day4PythonFileIOJSONandAPI/Exercises/ExercisesXPGold,Exercise,XP Gold,False,False,0,0,False,,
Week2OOP/Day4PythonFileIOJSONandAPI/Exercises/ExercisesXPGold/readme.md,3531,99,.md,Markdown,documentation,False,81aa019a3878b7a16c587ac907480b7fedf05d52c5b0c3fa74417c401ce677c4,utf-8,True,Week2OOP,Day4PythonFileIOJSONandAPI,Week2OOP/Day4PythonFileIOJSONandAPI/Exercises/ExercisesXPGold,Exercise,XP Gold,False,True,0,0,False,,
Week2OOP/Day4PythonFileIOJSONandAPI/Exercises/ExercisesXPGold/restaurantmenu.json,320,24,.json,JSON,configuration,False,919953f1b89be95fefff9fb2dc6b2323a7aca9e3200a8d10608b756554425a2c,utf-8,True,Week2OOP,Day4PythonFileIOJSONandAPI,Week2OOP/Day4PythonFileIOJSONandAPI/Exercises/ExercisesXPGold,Exercise,XP Gold,False,False,0,0,False,,
Week2OOP/Day4PythonFileIOJSONandAPI/Exercises/ExercisesXPNinja/charactersgame.py,3328,99,.py,Python,source,False,7feef614b8f6715aa406c6758b7e0d8dfc2d3b80f8740075e9f46a0e5860251c,utf-8,True,Week2OOP,Day4PythonFileIOJSONandAPI,Week2OOP/Day4PythonFileIOJSONandAPI/Exercises/ExercisesXPNinja,Exercise,XP,False,False,0,0,False,,
Week2OOP/Day4PythonFileIOJSONandAPI/Exercises/ExercisesXPNinja/ninjamenueditor.py,3043,92,.py,Python,source,False,00f31c80ba7a095d6ea3de501ab21ee8fe678dccc7a4b1a16ec8a3b6ebd39eb6,utf-8,True,Week2OOP,Day4PythonFileIOJSONandAPI,Week2OOP/Day4PythonFileIOJSONandAPI/Exercises/ExercisesXPNinja,Exercise,XP,False,False,0,0,False,,
Week2OOP/Day4PythonFileIOJSONandAPI/Exercises/ExercisesXPNinja/ninjamenumanager.py,5313,146,.py,Python,source,False,cb3e55b6c60b08196547ad5b971bf59fd2c3ce2c361fdb75c47a943e98692618,utf-8,True,Week2OOP,Day4PythonFileIOJSONandAPI,Week2OOP/Day4PythonFileIOJSONandAPI/Exercises/ExercisesXPNinja,Exercise,XP,False,False,0,0,False,,
Week2OOP/Day4PythonFileIOJSONandAPI/Exercises/ExercisesXPNinja/readme.md,3340,94,.md,Markdown,documentation,False,6e18d2e83dbe77a4c0e150f11737dccbe27f797fbe8a08753aa326180ecf8e29,utf-8,True,Week2OOP,Day4PythonFileIOJSONandAPI,Week2OOP/Day4PythonFileIOJSONandAPI/Exercises/ExercisesXPNinja,Exercise,XP,False,True,0,0,False,,
Week2OOP/Day4PythonFileIOJSONandAPI/Exercises/ExercisesXPNinja/restaurantmenu.json,340,25,.json,JSON,configuration,False,f0fd68cf18841868ca9a7004cbca9c93117b6a5f39e510bb44204b7ecec6e185,utf-8,True,Week2OOP,Day4PythonFileIOJSONandAPI,Week2OOP/Day4PythonFileIOJSONandAPI/Exercises/ExercisesXPNinja,Exercise,XP,False,False,0,0,False,,
Week2OOP/Day4PythonFileIOJSONandAPI/Exercises/README.md,4923,142,.md,Markdown,documentation,False,bd5f12d0c92c85d176591189d2b84052b76e7ca2f6b1341f906ca5fd67aa80db,utf-8,True,Week2OOP,Day4PythonFileIOJSONandAPI,Week2OOP/Day4PythonFileIOJSONandAPI/Exercises,Exercise,,False,True,0,0,False,,
Week2OOP/Day4PythonFileIOJSONandAPI/README.md,45733,1385,.md,Markdown,documentation,False,753e4d0bd4cd0c4771d76fc6a11d9d692311108ea38e48441d06855c0fc62516,utf-8,True,Week2OOP,Day4PythonFileIOJSONandAPI,,,,False,True,0,186,False,,
Week2OOP/Day5MiniProject/DailyChallenge/Modules/README.md,4311,147,.md,Markdown,documentation,False,94196e96dfdefc564e8085d5b2136cd9c3b284cab414c85ee1f9667d6d19c3de,utf-8,True,Week2OOP,Day5MiniProject,Week2OOP/Day5MiniProject/DailyChallenge/Modules,Daily Challenge,,False,True,0,0,False,,
Week2OOP/Day5MiniProject/DailyChallenge/Modules/cli.py,1929,48,.py,Python,source,False,fb171d5609d64ae42b288a54ddc10f227d5e6fabd27b46948ee5213f8f8c2577,utf-8,True,Week2OOP,Day5MiniProject,Week2OOP/Day5MiniProject/DailyChallenge/Modules,Daily Challenge,,False,False,0,0,False,,
Week2OOP/Day5MiniProject/DailyChallenge/Modules/requirements.txt,17,1,.txt,Text,documentation,False,ed73ba11243a0099034f10ac500db984959bb8f37086532f864d75a3620916c8,utf-8,True,Week2OOP,Day5MiniProject,Week2OOP/Day5MiniProject/DailyChallenge/Modules,Daily Challenge,,False,False,0,0,False,,
Week2OOP/Day5MiniProject/DailyChallenge/Modules/tests/README.md,1629,59,.md,Markdown,test,False,ba6613ca7af3be8678a2647a84dadac0f6edc98697ecda983a9d35ec84a03220,utf-8,True,Week2OOP,Day5MiniProject,Week2OOP/Day5MiniProject/DailyChallenge/Modules,Daily Challenge,,True,True,0,0,False,,
Week2OOP/Day5MiniProject/DailyChallenge/Modules/tests/test_timer.py,1654,56,.py,Python,test,False,640cc3074c5d4ba40b4572726207bad4ef04b692a6fc0b49ef477acd3e3be0d3,utf-8,True,Week2OOP,Day5MiniProject,Week2OOP/Day5MiniProject/DailyChallenge/Modules,Daily Challenge,,True,False,0,0,False,,
Week2OOP/Day5MiniProject/DailyChallenge/Modules/timer.py,4580,134,.py,Python,source,False,cd1070676c90f2f5d101b72dff12cae7231ba05f11f69636d168c4cc076cad28,utf-8,True,Week2OOP,Day5MiniProject,Week2OOP/Day5MiniProject/DailyChallenge/Modules,Daily Challenge,,False,False,0,0,False,,
Week2OOP/Day5MiniProject/DailyChallenge/OOPQuiz/README.md,3307,118,.md,Markdown,documentation,False,5b46aecd28c5618e7645cb311d93e0b361f8efe4f22138eb8a34117b2d995ec3,utf-8,True,Week2OOP,Day5MiniProject,Week2OOP/Day5MiniProject/DailyChallenge/OOPQuiz,Daily Challenge,,False,True,0,0,False,,
Week2OOP/Day5MiniProject/DailyChallenge/OOPQuiz/deck.py,2977,91,.py,Python,source,False,6a2367bb391266b2ec4883a56fc0ee2743a178a2f17ad57e6df9bf4ce6389f13,utf-8,True,Week2OOP,Day5MiniProject,Week2OOP/Day5MiniProject/DailyChallenge/OOPQuiz,Daily Challenge,,False,False,0,0,False,,
Week2OOP/Day5MiniProject/DailyChallenge/OOPQuiz/demo.py,440,20,.py,Python,source,False,cc49418797c725d542a294f9df078f9782c56bc94ca7e9bc3d6379455e2e6d5a,utf-8,True,Week2OOP,Day5MiniProject,Week2OOP/Day5MiniProject/DailyChallenge/OOPQuiz,Daily Challenge,,False,False,0,0,False,,
Week2OOP/Day5MiniProject/DailyChallenge/README.md,1881,63,.md,Markdown,documentation,False,44070a22485603c76026c464e72a8b317172f0f94943f28a8c6a174ad690715e,utf-8,True,Week2OOP,Day5MiniProject,Week2OOP/Day5MiniProject/DailyChallenge,Daily Challenge,,False,True,0,0,False,,
Week2OOP/Day5MiniProject/Exercises/AnagramChecker/README.md,2791,84,.md,Markdown,documentation,False,1a82c2d1e5111b868e891133a6001adf59bd2d3a8a17d8242fe1ad3eaa40ca80,utf-8,True,Week2OOP,Day5MiniProject,Week2OOP/Day5MiniProject/Exercises/AnagramChecker,Exercise,,False,True,0,0,False,,
Week2OOP/Day5MiniProject/Exercises/AnagramChecker/anagramchecker.py,3480,85,.py,Python,source,False,74b23cf394d911499b5917ee5c28307e0bb1f2ce9db2cd0692b8e2fd8b3f899f,utf-8,True,Week2OOP,Day5MiniProject,Week2OOP/Day5MiniProject/Exercises/AnagramChecker,Exercise,,False,False,0,0,False,,
Week2OOP/Day5MiniProject/Exercises/AnagramChecker/anagrams.py,1889,56,.py,Python,source,False,8c6dc922fd93c78a87c4bdff88c4c5a9d2886c78bae5fa8ffec2f047ee9db0c9,utf-8,True,Week2OOP,Day5MiniProject,Week2OOP/Day5MiniProject/Exercises/AnagramChecker,Exercise,,False,False,0,0,False,,
Week2OOP/Day5MiniProject/Exercises/AnagramChecker/words.txt,283,49,.txt,Text,documentation,False,42fb692a51c610bed43acf0c7df75b8a6331cef7856a6ee16a0158307765e092,utf-8,True,Week2OOP,Day5MiniProject,Week2OOP/Day5MiniProject/Exercises/AnagramChecker,Exercise,,False,False,0,0,False,,
Week2OOP/Day5MiniProject/Exercises/README.md,4051,99,.md,Markdown,documentation,False,b8193e47400b2cd2ecf64f758b990e611abf0c8942c2056089f8c9986f928b47,utf-8,True,Week2OOP,Day5MiniProject,Week2OOP/Day5MiniProject/Exercises,Exercise,,False,True,0,0,False,,
Week2OOP/Day5MiniProject/Exercises/RockPaperScissors/game.py,2647,79,.py,Python,source,False,f2d7af4a034bc7b5fe6871ce9eb9f0cf059a10d016b1c862792e6e381059bdf7,utf-8,True,Week2OOP,Day5MiniProject,Week2OOP/Day5MiniProject/Exercises/RockPaperScissors,Exercise,,False,False,0,0,False,,
Week2OOP/Day5MiniProject/Exercises/RockPaperScissors/readme.md,2522,79,.md,Markdown,documentation,False,f8bae8051558fbfeba933b8fa5765dfb0889ebdaeede4e3fb56d442c6e48f6c9,utf-8,True,Week2OOP,Day5MiniProject,Week2OOP/Day5MiniProject/Exercises/RockPaperScissors,Exercise,,False,True,0,1,False,,
Week2OOP/Day5MiniProject/Exercises/RockPaperScissors/rockpaperscissors.py,1633,53,.py,Python,source,False,e3bc8db40f0bba69c38c110b5058d0d5c425c4bd92de9ee0775365a48c210af1,utf-8,True,Week2OOP,Day5MiniProject,Week2OOP/Day5MiniProject/Exercises/RockPaperScissors,Exercise,,False,False,0,0,False,,
Week2OOP/Day5MiniProject/Exercises/WeatherApp/readme.md,3795,116,.md,Markdown,documentation,False,65475540c4ffc4a5e0a9aff4b4c05745e8aa1444e27c620d43e8b4dfb7af0cd1,utf-8,True,Week2OOP,Day5MiniProject,Week2OOP/Day5MiniProject/Exercises/WeatherApp,Exercise,,False,True,0,1,False,,
Week2OOP/Day5MiniProject/Exercises/WeatherApp/weatherapp.py,8219,230,.py,Python,source,False,dca26ed3273ceb22856855cf1724f6491d0076998723c5b1f0b137c7596b8f36,utf-8,True,Week2OOP,Day5MiniProject,Week2OOP/Day5MiniProject/Exercises/WeatherApp,Exercise,,False,False,0,0,False,,
Week2OOP/Day5MiniProject/Exercises/WeatherApp/weathergui.py,3894,99,.py,Python,source,False,d8bf60c6574c2d4315127cc2c8d4792a040a00237b6f9538d95ab8ba4dbadce2,utf-8,True,Week2OOP,Day5MiniProject,Week2OOP/Day5MiniProject/Exercises/WeatherApp,Exercise,,False,False,0,0,False,,
Week2OOP/Day5MiniProject/README.md,4336,120,.md,Markdown,documentation,False,ed5c9c8bacc7f4b3042fce44e17485ec674a1d6c67a568cf6f75b5e5aa247c93,utf-8,True,Week2OOP,Day5MiniProject,,,,False,True,0,0,False,,
Week2OOP/README.md,15699,606,.md,Markdown,documentation,False,cc7041c8015344915c97c4b4305ca1f292ff0851c2c88ed532d89ad41db04afc,utf-8,True,Week2OOP,,,,,False,True,0,23,False,,
Week2OOP/RemoteLearningOOP/DailyChallenge/AirManagement/README.md,4144,126,.md,Markdown,documentation,False,8aa844ae56aaedac0f354b7e17016211c814cf26bf634b4cdd580c54e018db44,utf-8,True,Week2OOP,,Week2OOP/RemoteLearningOOP/DailyChallenge/AirManagement,Daily Challenge,,False,True,0,1,False,,
Week2OOP/RemoteLearningOOP/DailyChallenge/AirManagement/air_management.py,7066,192,.py,Python,source,False,1ef3b3833808ced1d0da68a69dd12403f251744e072520405707289b69a3f27f,utf-8,True,Week2OOP,,Week2OOP/RemoteLearningOOP/DailyChallenge/AirManagement,Daily Challenge,,False,False,0,0,False,,
Week2OOP/RemoteLearningOOP/DailyChallenge/README.md,1662,58,.md,Markdown,documentation,False,0a5ca2caca12607c9ca391d251527b9117affe95dd877e4c5177e8d0840dfb3c,utf-8,True,Week2OOP,,Week2OOP/RemoteLearningOOP/DailyChallenge,Daily Challenge,,False,True,0,0,False,,
Week2OOP/RemoteLearningOOP/Exercises/MiniProjectVaccines/README.md,3665,111,.md,Markdown,documentation,False,0a69fae02b79ed20906d48e3594523ea05c58d4d53d3608fbe8c086b01c1fedc,utf-8,True,Week2OOP,,Week2OOP/RemoteLearningOOP/Exercises/MiniProjectVaccines,Exercise,,False,True,0,1,False,,
Week2OOP/RemoteLearningOOP/Exercises/MiniProjectVaccines/vaccines.py,8517,224,.py,Python,source,False,43ba08fd45429e6486057459b349531c772b1d91759a55178caeaacd2758e92d,utf-8,True,Week2OOP,,Week2OOP/RemoteLearningOOP/Exercises/MiniProjectVaccines,Exercise,,False,False,0,0,False,,
Week2OOP/RemoteLearningOOP/Exercises/README.md,1625,58,.md,Markdown,documentation,False,3284e932f58e75da1cb02e17234599f39298c864ef76063f7476633fb3032fad,utf-8,True,Week2OOP,,Week2OOP/RemoteLearningOOP/Exercises,Exercise,,False,True,0,0,False,,
Week2OOP/RemoteLearningOOP/README.md,1856,60,.md,Markdown,documentation,False,37212d62c131cbf2f2e5ef1c6a7ee937fcd5f14b5f9a9b7a3447fc4f643b42ca,utf-8,True,Week2OOP,,,,,False,True,0,0,False,,
Week3JavaScriptandDOM/Day1IntroductiontoJavaScript/DailyChallenge/BubbleSort/README.md,2525,94,.md,Markdown,documentation,False,747ed0db5b8239a43ebb351b626c84f24ef9346bab3844549a1c2468b058684f,utf-8,True,Week3JavaScriptandDOM,Day1IntroductiontoJavaScript,Week3JavaScriptandDOM/Day1IntroductiontoJavaScript/DailyChallenge/BubbleSort,Daily Challenge,,False,True,0,0,False,,
Week3JavaScriptandDOM/Day1IntroductiontoJavaScript/DailyChallenge/BubbleSort/index.js,2434,71,.js,JavaScript,source,False,027ec4718f40f5eb9ec279bb738228902c44c1cbd5f2fd5989d555f8c90560ae,utf-8,True,Week3JavaScriptandDOM,Day1IntroductiontoJavaScript,Week3JavaScriptandDOM/Day1IntroductiontoJavaScript/DailyChallenge/BubbleSort,Daily Challenge,,False,False,0,0,False,,
Week3JavaScriptandDOM/Day1IntroductiontoJavaScript/DailyChallenge/DailyChallengeNotBad/README.md,2595,91,.md,Markdown,documentation,False,992530d58e7582b6efdba645f8521282a2538a6ced36e9b676562df3ddb26f17,utf-8,True,Week3JavaScriptandDOM,Day1IntroductiontoJavaScript,Week3JavaScriptandDOM/Day1IntroductiontoJavaScript/DailyChallenge/DailyChallengeNotBad,Daily Challenge,,False,True,0,0,False,,
Week3JavaScriptandDOM/Day1IntroductiontoJavaScript/DailyChallenge/DailyChallengeNotBad/README_Not_Bad_JS.md,2014,50,.md,Markdown,documentation,False,5a021ddbb6940d933f67a6d51ca7e95c0b8e25d06cbcccaab3947ce7a8885696,utf-8,True,Week3JavaScriptandDOM,Day1IntroductiontoJavaScript,Week3JavaScriptandDOM/Day1IntroductiontoJavaScript/DailyChallenge/DailyChallengeNotBad,Daily Challenge,,False,False,0,5,False,,
Week3JavaScriptandDOM/Day1IntroductiontoJavaScript/DailyChallenge/DailyChallengeNotBad/index.html,322,16,.html,HTML,source,False,ec8d9ec1aaa2d2421eac21c44f811cdf29bc1562886ef52756163c45bfbd2a52,utf-8,True,Week3JavaScriptandDOM,Day1IntroductiontoJavaScript,Week3JavaScriptandDOM/Day1IntroductiontoJavaScript/DailyChallenge/DailyChallengeNotBad,Daily Challenge,,False,False,0,0,False,,
Week3JavaScriptandDOM/Day1IntroductiontoJavaScript/DailyChallenge/DailyChallengeNotBad/script.js,803,28,.js,JavaScript,source,False,53ddfe5fe5407fe88d325334af10213df868315aea19c335a8fe9999abf826d1,utf-8,True,Week3JavaScriptandDOM,Day1IntroductiontoJavaScript,Week3JavaScriptandDOM/Day1IntroductiontoJavaScript/DailyChallenge/DailyChallengeNotBad,Daily Challenge,,False,False,0,0,False,,
Week3JavaScriptandDOM/Day1IntroductiontoJavaScript/DailyChallenge/DailyChallengeStars/README.md,2584,91,.md,Markdown,documentation,False,a24dcf02ebf369023ed1e8061fab2b26744fe776b25a8404b3bbdb7b622cbef0,utf-8,True,Week3JavaScriptandDOM,Day1IntroductiontoJavaScript,Week3JavaScriptandDOM/Day1IntroductiontoJavaScript/DailyChallenge/DailyChallengeStars,Daily Challenge,,False,True,0,0,False,,
Week3JavaScriptandDOM/Day1IntroductiontoJavaScript/DailyChallenge/DailyChallengeStars/README_Stars_Pattern_JS.md,1748,65,.md,Markdown,documentation,False,3f957e1f4ce1a39609f9ff23aae55b5a2e9650066e1b37b3901ba7760aaf2a7a,utf-8,True,Week3JavaScriptandDOM,Day1IntroductiontoJavaScript,Week3JavaScriptandDOM/Day1IntroductiontoJavaScript/DailyChallenge/DailyChallengeStars,Daily Challenge,,False,False,0,7,False,,
Week3JavaScriptandDOM/Day1IntroductiontoJavaScript/DailyChallenge/DailyChallengeStars/index.html,390,18,.html,HTML,source,False,6db25da6c8d68747ba5afa79c5843776af73e285639b422ace89ab083e81747b,utf-8,True,Week3JavaScriptandDOM,Day1IntroductiontoJavaScript,Week3JavaScriptandDOM/Day1IntroductiontoJavaScript/DailyChallenge/DailyChallengeStars,Daily Challenge,,False,False,0,0,False,,
Week3JavaScriptandDOM/Day1IntroductiontoJavaScript/DailyChallenge/DailyChallengeStars/script.js,681,31,.js,JavaScript,source,False,31a1962a4fcb45b2a4efdb7102b520ef96aa534f0618588fb085982ac19b96ab,utf-8,True,Week3JavaScriptandDOM,Day1IntroductiontoJavaScript,Week3JavaScriptandDOM/Day1IntroductiontoJavaScript/DailyChallenge/DailyChallengeStars,Daily Challenge,,False,False,0,0,False,,
Week3JavaScriptandDOM/Day1IntroductiontoJavaScript/DailyChallenge/README.md,2067,63,.md,Markdown,documentation,False,78c9fb4153a686852aa6de956c8d11771e4b48cad93612ff25f50319a9d22787,utf-8,True,Week3JavaScriptandDOM,Day1IntroductiontoJavaScript,Week3JavaScriptandDOM/Day1IntroductiontoJavaScript/DailyChallenge,Daily Challenge,,False,True,0,0,False,,
Week3JavaScriptandDOM/Day1IntroductiontoJavaScript/Exercises/ExercisesXP/README.md,2545,91,.md,Markdown,documentation,False,ad6f780d93b0a9257302addb16ae8912a7d3cd8cd805ce90a99fb1e323495278,utf-8,True,Week3JavaScriptandDOM,Day1IntroductiontoJavaScript,Week3JavaScriptandDOM/Day1IntroductiontoJavaScript/Exercises/ExercisesXP,Exercise,XP,False,True,0,0,False,,
Week3JavaScriptandDOM/Day1IntroductiontoJavaScript/Exercises/ExercisesXP/README_JS_Exercises_XP.md,733,17,.md,Markdown,documentation,False,b10ea36c158e874440cc4aab6ba09b65f7d4943559b93832a86784cd78447ffc,utf-8,True,Week3JavaScriptandDOM,Day1IntroductiontoJavaScript,Week3JavaScriptandDOM/Day1IntroductiontoJavaScript/Exercises/ExercisesXP,Exercise,XP,False,False,0,0,False,,
Week3JavaScriptandDOM/Day1IntroductiontoJavaScript/Exercises/ExercisesXP/index.html,1279,59,.html,HTML,source,False,a893e50e8f1666160c22a9964b090930866ae279ec05ef946de5981e60749f60,utf-8,True,Week3JavaScriptandDOM,Day1IntroductiontoJavaScript,Week3JavaScriptandDOM/Day1IntroductiontoJavaScript/Exercises/ExercisesXP,Exercise,XP,False,False,0,0,False,,
Week3JavaScriptandDOM/Day1IntroductiontoJavaScript/Exercises/ExercisesXP/script.js,5386,208,.js,JavaScript,source,False,be98bbfab95c85755d869b8758a1754bc79cdba96d65e64f385f36e6625a28c0,utf-8,True,Week3JavaScriptandDOM,Day1IntroductiontoJavaScript,Week3JavaScriptandDOM/Day1IntroductiontoJavaScript/Exercises/ExercisesXP,Exercise,XP,False,False,0,0,False,,
Week3JavaScriptandDOM/Day1IntroductiontoJavaScript/Exercises/ExercisesXPGold/README.md,2574,91,.md,Markdown,documentation,False,06b395e629296ae9889b7d2e03c19d24584ea96a1543619f19f9850dc248efd2,utf-8,True,Week3JavaScriptandDOM,Day1IntroductiontoJavaScript,Week3JavaScriptandDOM/Day1IntroductiontoJavaScript/Exercises/ExercisesXPGold,Exercise,XP Gold,False,True,0,0,False,,
Week3JavaScriptandDOM/Day1IntroductiontoJavaScript/Exercises/ExercisesXPGold/README_JS_XP_Gold.md,1713,59,.md,Markdown,documentation,False,c35ec9adaa6e0d1f367f1d677deae23140dca4d99357bb401cf68783932c3a38,utf-8,True,Week3JavaScriptandDOM,Day1IntroductiontoJavaScript,Week3JavaScriptandDOM/Day1IntroductiontoJavaScript/Exercises/ExercisesXPGold,Exercise,XP Gold,False,False,0,2,False,,
Week3JavaScriptandDOM/Day1IntroductiontoJavaScript/Exercises/ExercisesXPGold/index.html,658,18,.html,HTML,source,False,3a64723cec5ff3353e62f59f7d22c2cdb813ea8124224103ef332db657a0a4ec,utf-8,True,Week3JavaScriptandDOM,Day1IntroductiontoJavaScript,Week3JavaScriptandDOM/Day1IntroductiontoJavaScript/Exercises/ExercisesXPGold,Exercise,XP Gold,False,False,0,0,False,,
Week3JavaScriptandDOM/Day1IntroductiontoJavaScript/Exercises/ExercisesXPGold/script.js,2112,72,.js,JavaScript,source,False,8af1feb81a616dd5fd58a1155e57157d4a6ac826f4f7c9069c68320c92437247,utf-8,True,Week3JavaScriptandDOM,Day1IntroductiontoJavaScript,Week3JavaScriptandDOM/Day1IntroductiontoJavaScript/Exercises/ExercisesXPGold,Exercise,XP Gold,False,False,0,0,False,,
Week3JavaScriptandDOM/Day1IntroductiontoJavaScript/Exercises/ExercisesXPNinja/README.md,2939,107,.md,Markdown,documentation,False,c141d049f0c4e0c8a1d5bb144a04529cc68185800cf7b37c91c88b9c1df7af6e,utf-8,True,Week3JavaScriptandDOM,Day1IntroductiontoJavaScript,Week3JavaScriptandDOM/Day1IntroductiontoJavaScript/Exercises/ExercisesXPNinja,Exercise,XP,False,True,0,1,False,,
Week3JavaScriptandDOM/Day1IntroductiontoJavaScript/Exercises/ExercisesXPNinja/index.js,3652,128,.js,JavaScript,source,False,ebdbc42dbe6d8e962c3720a4b967088c6302a5b9facc70a2320d6a7adb7b6d9d,utf-8,True,Week3JavaScriptandDOM,Day1IntroductiontoJavaScript,Week3JavaScriptandDOM/Day1IntroductiontoJavaScript/Exercises/ExercisesXPNinja,Exercise,XP,False,False,0,0,False,,
Week3JavaScriptandDOM/Day1IntroductiontoJavaScript/Exercises/README.md,1983,63,.md,Markdown,documentation,False,32f9b4b0b5f204ceb010e8d869dac871f580e0d57a5e3ae80ac06dd194657137,utf-8,True,Week3JavaScriptandDOM,Day1IntroductiontoJavaScript,Week3JavaScriptandDOM/Day1IntroductiontoJavaScript/Exercises,Exercise,,False,True,0,0,False,,
Week3JavaScriptandDOM/Day1IntroductiontoJavaScript/README.md,2314,65,.md,Markdown,documentation,False,c3de48071ae873ea4431a89dde52a05c1fdf33dff084480c5a3e2a8fc739975e,utf-8,True,Week3JavaScriptandDOM,Day1IntroductiontoJavaScript,,,,False,True,0,0,False,,
Week3JavaScriptandDOM/Day2FunctionsandDOMIntroduction/DailyChallenge/DailyChallengePlanets/README.md,2609,91,.md,Markdown,documentation,False,a8b8fa53764c7495fb01a04428820e8c3ce04bbddd5049d554b9cee56a7f0821,utf-8,True,Week3JavaScriptandDOM,Day2FunctionsandDOMIntroduction,Week3JavaScriptandDOM/Day2FunctionsandDOMIntroduction/DailyChallenge/DailyChallengePlanets,Daily Challenge,,False,True,0,0,False,,
Week3JavaScriptandDOM/Day2FunctionsandDOMIntroduction/DailyChallenge/DailyChallengePlanets/README_Solar_System.md,1948,51,.md,Markdown,documentation,False,eedb49850849b2939653da35ebbda8e64927fbc50f8df47112741f83d66a02ce,utf-8,True,Week3JavaScriptandDOM,Day2FunctionsandDOMIntroduction,Week3JavaScriptandDOM/Day2FunctionsandDOMIntroduction/DailyChallenge/DailyChallengePlanets,Daily Challenge,,False,False,0,2,False,,
Week3JavaScriptandDOM/Day2FunctionsandDOMIntroduction/DailyChallenge/DailyChallengePlanets/planets.html,915,36,.html,HTML,source,False,67bd7cbf6330bfab8b045aa6bddab64583d35cc02c8571abaa1a15f989c4d093,utf-8,True,Week3JavaScriptandDOM,Day2FunctionsandDOMIntroduction,Week3JavaScriptandDOM/Day2FunctionsandDOMIntroduction/DailyChallenge/DailyChallengePlanets,Daily Challenge,,False,False,0,0,False,,
Week3JavaScriptandDOM/Day2FunctionsandDOMIntroduction/DailyChallenge/DailyChallengePlanets/planets.js,1165,36,.js,JavaScript,source,False,9a990ccd64cf7107ee3ca73ba01c73d667e5139c833c025372c1af5c5a58e50a,utf-8,True,Week3JavaScriptandDOM,Day2FunctionsandDOMIntroduction,Week3JavaScriptandDOM/Day2FunctionsandDOMIntroduction/DailyChallenge/DailyChallengePlanets,Daily Challenge,,False,False,0,0,False,,
Week3JavaScriptandDOM/Day2FunctionsandDOMIntroduction/DailyChallenge/README.md,2051,62,.md,Markdown,documentation,False,58fa2386ad0fd591cc075e71a89f4eca6252b1a31e36bf1489f4b15829fe6083,utf-8,True,Week3JavaScriptandDOM,Day2FunctionsandDOMIntroduction,Week3JavaScriptandDOM/Day2FunctionsandDOMIntroduction/DailyChallenge,Daily Challenge,,False,True,0,0,False,,
Week3JavaScriptandDOM/Day2FunctionsandDOMIntroduction/DailyChallenge/WordsInTheStars/README.md,2820,113,.md,Markdown,documentation,False,0e2f03ca6e887dac064252ace24e608802623b4ca6cd10d8a4532db021166f92,utf-8,True,Week3JavaScriptandDOM,Day2FunctionsandDOMIntroduction,Week3JavaScriptandDOM/Day2FunctionsandDOMIntroduction/DailyChallenge/WordsInTheStars,Daily Challenge,,False,True,0,3,False,,
Week3JavaScriptandDOM/Day2FunctionsandDOMIntroduction/DailyChallenge/WordsInTheStars/index.js,2747,93,.js,JavaScript,source,False,9dada1f8573180e0789ba785d87a076f670416fe8912de58c4b3353e1e725ab9,utf-8,True,Week3JavaScriptandDOM,Day2FunctionsandDOMIntroduction,Week3JavaScriptandDOM/Day2FunctionsandDOMIntroduction/DailyChallenge/WordsInTheStars,Daily Challenge,,False,False,0,0,False,,
Week3JavaScriptandDOM/Day2FunctionsandDOMIntroduction/Exercises/ExercisesXP/README.md,3481,88,.md,Markdown,documentation,False,44160ce2637c1d7f2533d2c8ac7c66f2a0243b5cc8ae546c3f074f98089a29e8,utf-8,True,Week3JavaScriptandDOM,Day2FunctionsandDOMIntroduction,Week3JavaScriptandDOM/Day2FunctionsandDOMIntroduction/Exercises/ExercisesXP,Exercise,XP,False,True,0,0,False,,
Week3JavaScriptandDOM/Day2FunctionsandDOMIntroduction/Exercises/ExercisesXP/index.html,4359,114,.html,HTML,source,False,58d80de565bd0bf99e4cfcc3197d22b5b494428fd28490d8960f0a4082ca6359,utf-8,True,Week3JavaScriptandDOM,Day2FunctionsandDOMIntroduction,Week3JavaScriptandDOM/Day2FunctionsandDOMIntroduction/Exercises/ExercisesXP,Exercise,XP,False,False,0,0,False,,
Week3JavaScriptandDOM/Day2FunctionsandDOMIntroduction/Exercises/ExercisesXP/script.js,8470,297,.js,JavaScript,source,False,851a4593c61aa94f6fea5aa49451a7b38715c070195c8390df83592404c2bc46,utf-8,True,Week3JavaScriptandDOM,Day2FunctionsandDOMIntroduction,Week3JavaScriptandDOM/Day2FunctionsandDOMIntroduction/Exercises/ExercisesXP,Exercise,XP,False,False,0,0,False,,
Week3JavaScriptandDOM/Day2FunctionsandDOMIntroduction/Exercises/ExercisesXPGold/README.md,2040,71,.md,Markdown,documentation,False,57ee2749119e96345df6b72a0234e0029230e51e56bd823b65bf64a689332c9b,utf-8,True,Week3JavaScriptandDOM,Day2FunctionsandDOMIntroduction,Week3JavaScriptandDOM/Day2FunctionsandDOMIntroduction/Exercises/ExercisesXPGold,Exercise,XP Gold,False,True,0,0,False,,
Week3JavaScriptandDOM/Day2FunctionsandDOMIntroduction/Exercises/ExercisesXPGold/index.html,1553,60,.html,HTML,source,False,8c74ca48add7356edacf2eecad37ce3e41cdb6fab4091efe839dbc68e9369621,utf-8,True,Week3JavaScriptandDOM,Day2FunctionsandDOMIntroduction,Week3JavaScriptandDOM/Day2FunctionsandDOMIntroduction/Exercises/ExercisesXPGold,Exercise,XP Gold,False,False,0,0,False,,
Week3JavaScriptandDOM/Day2FunctionsandDOMIntroduction/Exercises/ExercisesXPGold/index.js,1857,81,.js,JavaScript,source,False,eb709c1b537ad7501c884c573a0ed5146e6fe22005907ec50983dc6c4e1b3337,utf-8,True,Week3JavaScriptandDOM,Day2FunctionsandDOMIntroduction,Week3JavaScriptandDOM/Day2FunctionsandDOMIntroduction/Exercises/ExercisesXPGold,Exercise,XP Gold,False,False,0,0,False,,
Week3JavaScriptandDOM/Day2FunctionsandDOMIntroduction/Exercises/ExercisesXPNinja/README.md,2392,78,.md,Markdown,documentation,False,4c60f2b878217319e52578762ebc05650786c13ab8d72ab48bdc8429d2f6b668,utf-8,True,Week3JavaScriptandDOM,Day2FunctionsandDOMIntroduction,Week3JavaScriptandDOM/Day2FunctionsandDOMIntroduction/Exercises/ExercisesXPNinja,Exercise,XP,False,True,0,1,False,,
Week3JavaScriptandDOM/Day2FunctionsandDOMIntroduction/Exercises/ExercisesXPNinja/index.html,762,23,.html,HTML,source,False,d795da2eb554aaf405a3ea0f5065de2f03416ff7e56fec94889bad33ce23b7d0,utf-8,True,Week3JavaScriptandDOM,Day2FunctionsandDOMIntroduction,Week3JavaScriptandDOM/Day2FunctionsandDOMIntroduction/Exercises/ExercisesXPNinja,Exercise,XP,False,False,0,0,False,,
Week3JavaScriptandDOM/Day2FunctionsandDOMIntroduction/Exercises/ExercisesXPNinja/index.js,6273,200,.js,JavaScript,source,False,d9c3befc4803e51bcdc770e4213aaec74b72a3d4a645c1db4a81c96918f7a9de,utf-8,True,Week3JavaScriptandDOM,Day2FunctionsandDOMIntroduction,Week3JavaScriptandDOM/Day2FunctionsandDOMIntroduction/Exercises/ExercisesXPNinja,Exercise,XP,False,False,0,0,False,,
Week3JavaScriptandDOM/Day2FunctionsandDOMIntroduction/Exercises/README.md,2000,63,.md,Markdown,documentation,False,2da23e565dda4c5587fa0324da34d17b7b49cb1ca00d63b31299833c5c6e07d1,utf-8,True,Week3JavaScriptandDOM,Day2FunctionsandDOMIntroduction,Week3JavaScriptandDOM/Day2FunctionsandDOMIntroduction/Exercises,Exercise,,False,True,0,0,False,,
Week3JavaScriptandDOM/Day2FunctionsandDOMIntroduction/README.md,2104,63,.md,Markdown,documentation,False,b87a520952ea4c26d11f2d881d87f5c01f0ddf380e78e85c0cd873764502d8e6,utf-8,True,Week3JavaScriptandDOM,Day2FunctionsandDOMIntroduction,,,,False,True,0,0,False,,
Week3JavaScriptandDOM/Day3LearningDOMEvents/DailyChallenge/Letters/README.md,2669,89,.md,Markdown,documentation,False,30fd3ad7d7d25d91fdc1f94deb662674b00a13f24aa04ddb0f203bc962c27cfd,utf-8,True,Week3JavaScriptandDOM,Day3LearningDOMEvents,Week3JavaScriptandDOM/Day3LearningDOMEvents/DailyChallenge/Letters,Daily Challenge,,False,True,0,1,False,,
Week3JavaScriptandDOM/Day3LearningDOMEvents/DailyChallenge/Letters/index.html,1332,36,.html,HTML,source,False,9066ac14a384d4d4e48b559c0db0f7108a5dbadd44ce0dfc0ed537daf5ce9d90,utf-8,True,Week3JavaScriptandDOM,Day3LearningDOMEvents,Week3JavaScriptandDOM/Day3LearningDOMEvents/DailyChallenge/Letters,Daily Challenge,,False,False,0,0,False,,
Week3JavaScriptandDOM/Day3LearningDOMEvents/DailyChallenge/Letters/main.js,1951,48,.js,JavaScript,source,False,392b7f35396b10a7d9f4daf14fa412fc93f088fe75bb8502e1ca887a34bee591,utf-8,True,Week3JavaScriptandDOM,Day3LearningDOMEvents,Week3JavaScriptandDOM/Day3LearningDOMEvents/DailyChallenge/Letters,Daily Challenge,,False,False,0,0,False,,
Week3JavaScriptandDOM/Day3LearningDOMEvents/DailyChallenge/README.md,1889,62,.md,Markdown,documentation,False,902dca44f7a962146fe5c341ccdee700012f5ff1e9453429f55614848af2494f,utf-8,True,Week3JavaScriptandDOM,Day3LearningDOMEvents,Week3JavaScriptandDOM/Day3LearningDOMEvents/DailyChallenge,Daily Challenge,,False,True,0,0,False,,
Week3JavaScriptandDOM/Day3LearningDOMEvents/DailyChallenge/TellTheStory/README.md,2342,89,.md,Markdown,documentation,False,c3f2ff5585f2d69d75bde0bd46b629378835ec5b69b6b5ab4dd7faa7176212be,utf-8,True,Week3JavaScriptandDOM,Day3LearningDOMEvents,Week3JavaScriptandDOM/Day3LearningDOMEvents/DailyChallenge/TellTheStory,Daily Challenge,,False,True,0,0,False,,
Week3JavaScriptandDOM/Day3LearningDOMEvents/DailyChallenge/TellTheStory/README_MadLibs.md,1287,25,.md,Markdown,documentation,False,103ef7deb45e29399ec62194b696ec9aee86113d8cf719c07b65a6aaf98948e4,utf-8,True,Week3JavaScriptandDOM,Day3LearningDOMEvents,Week3JavaScriptandDOM/Day3LearningDOMEvents/DailyChallenge/TellTheStory,Daily Challenge,,False,False,0,0,False,,
Week3JavaScriptandDOM/Day3LearningDOMEvents/DailyChallenge/TellTheStory/index.html,2783,73,.html,HTML,source,False,200fe7e624dbe8ae8951f7908cb009feab8181a519d8eabdf240d98d9d2ad48d,utf-8,True,Week3JavaScriptandDOM,Day3LearningDOMEvents,Week3JavaScriptandDOM/Day3LearningDOMEvents/DailyChallenge/TellTheStory,Daily Challenge,,False,False,0,0,False,,
Week3JavaScriptandDOM/Day3LearningDOMEvents/DailyChallenge/TellTheStory/madlibs.js,2812,76,.js,JavaScript,source,False,dc910d972aa8bd7289e60f11940172e5868784c209cecc248216ecbc7a1400f6,utf-8,True,Week3JavaScriptandDOM,Day3LearningDOMEvents,Week3JavaScriptandDOM/Day3LearningDOMEvents/DailyChallenge/TellTheStory,Daily Challenge,,False,False,0,0,False,,
Week3JavaScriptandDOM/Day3LearningDOMEvents/Exercises/ExercisesXP/README.md,2580,91,.md,Markdown,documentation,False,602f5aa87555aa3d477a9d78eff03cabc66baa34b3e18e3fd9bbddbfef7408b1,utf-8,True,Week3JavaScriptandDOM,Day3LearningDOMEvents,Week3JavaScriptandDOM/Day3LearningDOMEvents/Exercises/ExercisesXP,Exercise,XP,False,True,0,0,False,,
Week3JavaScriptandDOM/Day3LearningDOMEvents/Exercises/ExercisesXP/README_DOM_XP.md,1599,40,.md,Markdown,documentation,False,17604ee49869e69b3e799df93e8e868474e33aa0c45a70cbc1a2cd91bc0a0568,utf-8,True,Week3JavaScriptandDOM,Day3LearningDOMEvents,Week3JavaScriptandDOM/Day3LearningDOMEvents/Exercises/ExercisesXP,Exercise,XP,False,False,0,0,False,,
Week3JavaScriptandDOM/Day3LearningDOMEvents/Exercises/ExercisesXP/dom_exercises.js,4271,143,.js,JavaScript,source,False,19be30fa0123677c7a86f4859db666cbb1da941c910cab88288a93ac23e788d1,utf-8,True,Week3JavaScriptandDOM,Day3LearningDOMEvents,Week3JavaScriptandDOM/Day3LearningDOMEvents/Exercises/ExercisesXP,Exercise,XP,False,False,0,0,False,,
Week3JavaScriptandDOM/Day3LearningDOMEvents/Exercises/ExercisesXP/index_dom_exercises.html,4350,94,.html,HTML,source,False,d5c7b18f70aacf354dfa514b492b07f6e545e467968719385868bd940cb1a9a0,utf-8,True,Week3JavaScriptandDOM,Day3LearningDOMEvents,Week3JavaScriptandDOM/Day3LearningDOMEvents/Exercises/ExercisesXP,Exercise,XP,False,False,0,12,False,,
Week3JavaScriptandDOM/Day3LearningDOMEvents/Exercises/ExercisesXPAnimations/README.md,2795,96,.md,Markdown,documentation,False,ce80a35075a244bae2f2edd134967035ca215c4a21f888a5ccfae91c61654ef1,utf-8,True,Week3JavaScriptandDOM,Day3LearningDOMEvents,Week3JavaScriptandDOM/Day3LearningDOMEvents/Exercises/ExercisesXPAnimations,Exercise,XP,False,True,0,0,False,,
Week3JavaScriptandDOM/Day3LearningDOMEvents/Exercises/ExercisesXPAnimations/README_Animations_XP.md,1154,25,.md,Markdown,documentation,False,03530de5c674aa385c07b7b2100204e496cdd17d6ee419099b9052207074e49c,utf-8,True,Week3JavaScriptandDOM,Day3LearningDOMEvents,Week3JavaScriptandDOM/Day3LearningDOMEvents/Exercises/ExercisesXPAnimations,Exercise,XP,False,False,0,0,False,,
Week3JavaScriptandDOM/Day3LearningDOMEvents/Exercises/ExercisesXPAnimations/index_move.html,943,38,.html,HTML,source,False,b222b8e7bdf1c4b44a20c1cbb9933f08034e6c386ac80466254f1cf7a079fba7,utf-8,True,Week3JavaScriptandDOM,Day3LearningDOMEvents,Week3JavaScriptandDOM/Day3LearningDOMEvents/Exercises/ExercisesXPAnimations,Exercise,XP,False,False,0,0,False,,
Week3JavaScriptandDOM/Day3LearningDOMEvents/Exercises/ExercisesXPAnimations/index_timer.html,897,24,.html,HTML,source,False,de4cbf357b3c752d2f67daec9303ad3a2268092029d02cc0c55ee01d28172597,utf-8,True,Week3JavaScriptandDOM,Day3LearningDOMEvents,Week3JavaScriptandDOM/Day3LearningDOMEvents/Exercises/ExercisesXPAnimations,Exercise,XP,False,False,0,0,False,,
Week3JavaScriptandDOM/Day3LearningDOMEvents/Exercises/ExercisesXPAnimations/move.js,843,32,.js,JavaScript,source,False,68ab8296d32dcef8042ae5e177ca053e43fe2cb84ff9ab4dfb8ab07f9c234be8,utf-8,True,Week3JavaScriptandDOM,Day3LearningDOMEvents,Week3JavaScriptandDOM/Day3LearningDOMEvents/Exercises/ExercisesXPAnimations,Exercise,XP,False,False,0,0,False,,
Week3JavaScriptandDOM/Day3LearningDOMEvents/Exercises/ExercisesXPAnimations/timer.js,1115,39,.js,JavaScript,source,False,54c5a7cf28c1d764684f87d05da8fd5bdf4a87583acf711680d27203fde2fb23,utf-8,True,Week3JavaScriptandDOM,Day3LearningDOMEvents,Week3JavaScriptandDOM/Day3LearningDOMEvents/Exercises/ExercisesXPAnimations,Exercise,XP,False,False,0,0,False,,
Week3JavaScriptandDOM/Day3LearningDOMEvents/Exercises/ExercisesXPGold/README.md,2284,77,.md,Markdown,documentation,False,8f86f5bece8e7ae848b4357bc5985abfd7ee762095c8e20b5810a544af9c3b1e,utf-8,True,Week3JavaScriptandDOM,Day3LearningDOMEvents,Week3JavaScriptandDOM/Day3LearningDOMEvents/Exercises/ExercisesXPGold,Exercise,XP Gold,False,True,0,0,False,,
Week3JavaScriptandDOM/Day3LearningDOMEvents/Exercises/ExercisesXPGold/index.html,913,23,.html,HTML,source,False,94a96d007faa7441c663ccdfbc9e6bf9b0506ca5577a7cf22cac6ce050bf0a82,utf-8,True,Week3JavaScriptandDOM,Day3LearningDOMEvents,Week3JavaScriptandDOM/Day3LearningDOMEvents/Exercises/ExercisesXPGold,Exercise,XP Gold,False,False,0,0,False,,
Week3JavaScriptandDOM/Day3LearningDOMEvents/Exercises/ExercisesXPGold/index.js,4028,128,.js,JavaScript,source,False,b710dc7f7464215f529c08e5799d8a38537e297dc1cb8943b59b9d804f0a3a9a,utf-8,True,Week3JavaScriptandDOM,Day3LearningDOMEvents,Week3JavaScriptandDOM/Day3LearningDOMEvents/Exercises/ExercisesXPGold,Exercise,XP Gold,False,False,0,0,False,,
Week3JavaScriptandDOM/Day3LearningDOMEvents/Exercises/ExercisesXPNinja/README.md,3266,106,.md,Markdown,documentation,False,3a9dc620f9bb043810d0ae9e898bb4602465a141ee44f8ff486f1e66e9c904d7,utf-8,True,Week3JavaScriptandDOM,Day3LearningDOMEvents,Week3JavaScriptandDOM/Day3LearningDOMEvents/Exercises/ExercisesXPNinja,Exercise,XP,False,True,0,8,False,,
Week3JavaScriptandDOM/Day3LearningDOMEvents/Exercises/ExercisesXPNinja/index.html,3175,77,.html,HTML,source,False,25079a21ff7d80f2c0ab9ab0ccb0c7d9d37b576f46bf3d338bd3e19233d38fae,utf-8,True,Week3JavaScriptandDOM,Day3LearningDOMEvents,Week3JavaScriptandDOM/Day3LearningDOMEvents/Exercises/ExercisesXPNinja,Exercise,XP,False,False,0,0,False,,
Week3JavaScriptandDOM/Day3LearningDOMEvents/Exercises/ExercisesXPNinja/main.js,5519,139,.js,JavaScript,source,False,1cc9ff7eccd6530133a0ee52f768cbdd89a4c8e7d3afa19f9dbf2edfeff8db08,utf-8,True,Week3JavaScriptandDOM,Day3LearningDOMEvents,Week3JavaScriptandDOM/Day3LearningDOMEvents/Exercises/ExercisesXPNinja,Exercise,XP,False,False,0,0,False,,
Week3JavaScriptandDOM/Day3LearningDOMEvents/Exercises/MiniProjectCreateaSignInForm/README.md,2662,93,.md,Markdown,documentation,False,3e0ebbf0de8204e30be13f456a73b19f1e4155ab404aecd882dcec514fe5f760,utf-8,True,Week3JavaScriptandDOM,Day3LearningDOMEvents,Week3JavaScriptandDOM/Day3LearningDOMEvents/Exercises/MiniProjectCreateaSignInForm,Exercise,,False,True,0,0,False,,
Week3JavaScriptandDOM/Day3LearningDOMEvents/Exercises/MiniProjectCreateaSignInForm/css/README.md,1640,58,.md,Markdown,documentation,False,50ff36bf6b6cae3673220311ecb96fc98b131f62041a3e674ffd6e1256362d0f,utf-8,True,Week3JavaScriptandDOM,Day3LearningDOMEvents,Week3JavaScriptandDOM/Day3LearningDOMEvents/Exercises/MiniProjectCreateaSignInForm,Exercise,,False,True,0,0,False,,
Week3JavaScriptandDOM/Day3LearningDOMEvents/Exercises/MiniProjectCreateaSignInForm/css/styles.css,4209,22,.css,CSS,source,False,c61aa308f5a6eb9c96b6057dee5bd3d3516ac8c785d66840757da02f9acaa042,utf-8,True,Week3JavaScriptandDOM,Day3LearningDOMEvents,Week3JavaScriptandDOM/Day3LearningDOMEvents/Exercises/MiniProjectCreateaSignInForm,Exercise,,False,False,0,0,False,,
Week3JavaScriptandDOM/Day3LearningDOMEvents/Exercises/MiniProjectCreateaSignInForm/index.html,4665,85,.html,HTML,source,False,18174e83eae94988130e7cd8f715adaca053f342ae18150a097de774387629fd,utf-8,True,Week3JavaScriptandDOM,Day3LearningDOMEvents,Week3JavaScriptandDOM/Day3LearningDOMEvents/Exercises/MiniProjectCreateaSignInForm,Exercise,,False,False,0,0,False,,
Week3JavaScriptandDOM/Day3LearningDOMEvents/Exercises/MiniProjectCreateaSignInForm/js/README.md,1659,58,.md,Markdown,documentation,False,f8932773c90ee2b02c599da9b58b216647d2e9183258af82f4e7ddf1304b06cc,utf-8,True,Week3JavaScriptandDOM,Day3LearningDOMEvents,Week3JavaScriptandDOM/Day3LearningDOMEvents/Exercises/MiniProjectCreateaSignInForm,Exercise,,False,True,0,0,False,,
Week3JavaScriptandDOM/Day3LearningDOMEvents/Exercises/MiniProjectCreateaSignInForm/js/app.js,1750,39,.js,JavaScript,source,False,29f26ecdc9a48c9843d2092014193446ef352b2abd3bc605ba363e302f7b1287,utf-8,True,Week3JavaScriptandDOM,Day3LearningDOMEvents,Week3JavaScriptandDOM/Day3LearningDOMEvents/Exercises/MiniProjectCreateaSignInForm,Exercise,,False,False,0,0,False,,
Week3JavaScriptandDOM/Day3LearningDOMEvents/Exercises/README.md,2074,64,.md,Markdown,documentation,False,cf81d70faf6403e81b3ce8981995f4a4ed0b54e5008079cefdae4c326875726f,utf-8,True,Week3JavaScriptandDOM,Day3LearningDOMEvents,Week3JavaScriptandDOM/Day3LearningDOMEvents/Exercises,Exercise,,False,True,0,0,False,,
Week3JavaScriptandDOM/Day3LearningDOMEvents/README.md,2178,65,.md,Markdown,documentation,False,e88561d76959fff5deb98ece3d48226851d24df0b36780d1d70c52c67ecae7cf,utf-8,True,Week3JavaScriptandDOM,Day3LearningDOMEvents,,,,False,True,0,0,False,,
Week3JavaScriptandDOM/Day4AdvancedJavaScriptFunctions/DailyChallenge/Groceries/README.md,2324,89,.md,Markdown,documentation,False,22e13152874914a52ead0190a7815842418d05c24309041647426688a0f2206c,utf-8,True,Week3JavaScriptandDOM,Day4AdvancedJavaScriptFunctions,Week3JavaScriptandDOM/Day4AdvancedJavaScriptFunctions/DailyChallenge/Groceries,Daily Challenge,,False,True,0,0,False,,
Week3JavaScriptandDOM/Day4AdvancedJavaScriptFunctions/DailyChallenge/Groceries/README_Groceries.md,1137,23,.md,Markdown,documentation,False,c8d0d7e14ae8327fac50bf7bf8b2a7f054096654bfa2163edaadb0bf4d27df84,utf-8,True,Week3JavaScriptandDOM,Day4AdvancedJavaScriptFunctions,Week3JavaScriptandDOM/Day4AdvancedJavaScriptFunctions/DailyChallenge/Groceries,Daily Challenge,,False,False,0,0,False,,
Week3JavaScriptandDOM/Day4AdvancedJavaScriptFunctions/DailyChallenge/Groceries/groceries.js,3087,95,.js,JavaScript,source,False,b3ecc7800623c11b2b42dd534672a59fc9c80659f4f3935d069f5640d6dcf03c,utf-8,True,Week3JavaScriptandDOM,Day4AdvancedJavaScriptFunctions,Week3JavaScriptandDOM/Day4AdvancedJavaScriptFunctions/DailyChallenge/Groceries,Daily Challenge,,False,False,0,0,False,,
Week3JavaScriptandDOM/Day4AdvancedJavaScriptFunctions/DailyChallenge/Groceries/index.html,1752,38,.html,HTML,source,False,2a464b4b49f9e8b7d8a311d3940473c73ebbc39c7d73f398bc8bffa26eca217c,utf-8,True,Week3JavaScriptandDOM,Day4AdvancedJavaScriptFunctions,Week3JavaScriptandDOM/Day4AdvancedJavaScriptFunctions/DailyChallenge/Groceries,Daily Challenge,,False,False,0,0,False,,
Week3JavaScriptandDOM/Day4AdvancedJavaScriptFunctions/DailyChallenge/README.md,1627,58,.md,Markdown,documentation,False,4de369d759d81454d3a102b7fd7ad605e47d787ff467721c9777746dc62f5dc3,utf-8,True,Week3JavaScriptandDOM,Day4AdvancedJavaScriptFunctions,Week3JavaScriptandDOM/Day4AdvancedJavaScriptFunctions/DailyChallenge,Daily Challenge,,False,True,0,0,False,,
Week3JavaScriptandDOM/Day4AdvancedJavaScriptFunctions/Exercises/ExercisesXP/README.md,2602,91,.md,Markdown,documentation,False,a17aa6c59df5d1c8c4f3a34f3172e580e315b6acff5964e99a364a6de99425d1,utf-8,True,Week3JavaScriptandDOM,Day4AdvancedJavaScriptFunctions,Week3JavaScriptandDOM/Day4AdvancedJavaScriptFunctions/Exercises/ExercisesXP,Exercise,XP,False,True,0,0,False,,
Week3JavaScriptandDOM/Day4AdvancedJavaScriptFunctions/Exercises/ExercisesXP/README_Advanced_JS.md,1592,27,.md,Markdown,documentation,False,25fda49933d6c0b94996c1373f8a40ffea6957636dafbe6ba22dfe8d0d490e0b,utf-8,True,Week3JavaScriptandDOM,Day4AdvancedJavaScriptFunctions,Week3JavaScriptandDOM/Day4AdvancedJavaScriptFunctions/Exercises/ExercisesXP,Exercise,XP,False,False,0,0,False,,
Week3JavaScriptandDOM/Day4AdvancedJavaScriptFunctions/Exercises/ExercisesXP/advanced_js.js,5949,184,.js,JavaScript,source,False,bdb0a479bd449ddbc73cf100f02fd27c9a67f7ff138f235c261a93210950f39a,utf-8,True,Week3JavaScriptandDOM,Day4AdvancedJavaScriptFunctions,Week3JavaScriptandDOM/Day4AdvancedJavaScriptFunctions/Exercises/ExercisesXP,Exercise,XP,False,False,0,0,False,,
Week3JavaScriptandDOM/Day4AdvancedJavaScriptFunctions/Exercises/ExercisesXP/index_advanced_js.html,2942,68,.html,HTML,source,False,5e06c5ac0346e96538e51db454bf6ba318ae35f4421f8d4c7d3e6b4240b5b7d8,utf-8,True,Week3JavaScriptandDOM,Day4AdvancedJavaScriptFunctions,Week3JavaScriptandDOM/Day4AdvancedJavaScriptFunctions/Exercises/ExercisesXP,Exercise,XP,False,False,0,0,False,,
Week3JavaScriptandDOM/Day4AdvancedJavaScriptFunctions/Exercises/ExercisesXPGold/README.md,2187,81,.md,Markdown,documentation,False,dea9a0d440060d001eb7be697b623cbae318f3d9223167188d6017313a7d9db3,utf-8,True,Week3JavaScriptandDOM,Day4AdvancedJavaScriptFunctions,Week3JavaScriptandDOM/Day4AdvancedJavaScriptFunctions/Exercises/ExercisesXPGold,Exercise,XP Gold,False,True,0,0,False,,
Week3JavaScriptandDOM/Day4AdvancedJavaScriptFunctions/Exercises/ExercisesXPGold/index.js,1683,66,.js,JavaScript,source,False,119c734fcbe774e0d89ad4a8700d99551422a080b952df084be162d524675831,utf-8,True,Week3JavaScriptandDOM,Day4AdvancedJavaScriptFunctions,Week3JavaScriptandDOM/Day4AdvancedJavaScriptFunctions/Exercises/ExercisesXPGold,Exercise,XP Gold,False,False,0,0,False,,
Week3JavaScriptandDOM/Day4AdvancedJavaScriptFunctions/Exercises/ExercisesXPNinja/README.md,2290,82,.md,Markdown,documentation,False,88f5a112e5c507e3122558c7ded4ae875a9875649d6761a5d7ab69af52ca26b6,utf-8,True,Week3JavaScriptandDOM,Day4AdvancedJavaScriptFunctions,Week3JavaScriptandDOM/Day4AdvancedJavaScriptFunctions/Exercises/ExercisesXPNinja,Exercise,XP,False,True,0,2,False,,
Week3JavaScriptandDOM/Day4AdvancedJavaScriptFunctions/Exercises/ExercisesXPNinja/index.js,846,28,.js,JavaScript,source,False,4c6d8888d93e408ab465511286e0ebaec5c6628eff95b6ac1d6884a2fb928722,utf-8,True,Week3JavaScriptandDOM,Day4AdvancedJavaScriptFunctions,Week3JavaScriptandDOM/Day4AdvancedJavaScriptFunctions/Exercises/ExercisesXPNinja,Exercise,XP,False,False,0,0,False,,
Week3JavaScriptandDOM/Day4AdvancedJavaScriptFunctions/Exercises/README.md,1991,62,.md,Markdown,documentation,False,4c52cb2f3999afcd325c42111dd26c1bab76c95218b3806921a0593d961ec5d5,utf-8,True,Week3JavaScriptandDOM,Day4AdvancedJavaScriptFunctions,Week3JavaScriptandDOM/Day4AdvancedJavaScriptFunctions/Exercises,Exercise,,False,True,0,0,False,,
Week3JavaScriptandDOM/Day4AdvancedJavaScriptFunctions/README.md,1711,58,.md,Markdown,documentation,False,df62364d1d6a8345c06d0351b9cf3b468e398e5f8f9c2f3bb492f18df0848978,utf-8,True,Week3JavaScriptandDOM,Day4AdvancedJavaScriptFunctions,,,,False,True,0,0,False,,
Week3JavaScriptandDOM/Day5MiniProject/DailyChallenge/README.md,1614,58,.md,Markdown,documentation,False,e2846b2188b3a1f1b339161bd74222c131ba9a545b02c946edb18b6e348ca162,utf-8,True,Week3JavaScriptandDOM,Day5MiniProject,Week3JavaScriptandDOM/Day5MiniProject/DailyChallenge,Daily Challenge,,False,True,0,0,False,,
Week3JavaScriptandDOM/Day5MiniProject/DailyChallenge/TodoList/README.md,2297,88,.md,Markdown,documentation,False,6a8d30a84bdd77c13324c6055c8913e38d00eb9bdc1e2f62e232ec2307ecf1ba,utf-8,True,Week3JavaScriptandDOM,Day5MiniProject,Week3JavaScriptandDOM/Day5MiniProject/DailyChallenge/TodoList,Daily Challenge,,False,True,4,0,False,,
Week3JavaScriptandDOM/Day5MiniProject/DailyChallenge/TodoList/todo_list.html,4496,99,.html,HTML,source,False,eae3ca163242218a8030dee733777e3b0c6ee3eac33042ff69f8b971f6eb0d8b,utf-8,True,Week3JavaScriptandDOM,Day5MiniProject,Week3JavaScriptandDOM/Day5MiniProject/DailyChallenge/TodoList,Daily Challenge,,False,False,2,0,False,,
Week3JavaScriptandDOM/Day5MiniProject/Exercises/MiniProjectColoringGame/README.md,2582,92,.md,Markdown,documentation,False,b2602c8ef91484e4675f19b0d9f311ad7d783ac2bc589229ce3533eacb9cc37a,utf-8,True,Week3JavaScriptandDOM,Day5MiniProject,Week3JavaScriptandDOM/Day5MiniProject/Exercises/MiniProjectColoringGame,Exercise,,False,True,0,0,False,,
Week3JavaScriptandDOM/Day5MiniProject/Exercises/MiniProjectColoringGame/index.html,1745,44,.html,HTML,source,False,a952995b5f08b8e2cd89ddc73d6097a7e3f754118a37d57533a3a0a57b8df4f5,utf-8,True,Week3JavaScriptandDOM,Day5MiniProject,Week3JavaScriptandDOM/Day5MiniProject/Exercises/MiniProjectColoringGame,Exercise,,False,False,0,0,False,,
Week3JavaScriptandDOM/Day5MiniProject/Exercises/MiniProjectColoringGame/script.js,1962,83,.js,JavaScript,source,False,786655986c153800fd1417163870bc61c4b4dcaa2df570caf0386ea8abce1b78,utf-8,True,Week3JavaScriptandDOM,Day5MiniProject,Week3JavaScriptandDOM/Day5MiniProject/Exercises/MiniProjectColoringGame,Exercise,,False,False,0,0,False,,
Week3JavaScriptandDOM/Day5MiniProject/Exercises/MiniProjectColoringGame/styles.css,1026,17,.css,CSS,source,False,93be304d08e94099fc3dd6bae004c8902dd74cb0078430c8bfe15b3a44cbd27f,utf-8,True,Week3JavaScriptandDOM,Day5MiniProject,Week3JavaScriptandDOM/Day5MiniProject/Exercises/MiniProjectColoringGame,Exercise,,False,False,0,0,False,,
Week3JavaScriptandDOM/Day5MiniProject/Exercises/README.md,1948,63,.md,Markdown,documentation,False,28175eaea7a7181a046c09c78355058d3007922419e74712c0d06a95fc827aef,utf-8,True,Week3JavaScriptandDOM,Day5MiniProject,Week3JavaScriptandDOM/Day5MiniProject/Exercises,Exercise,,False,True,0,0,False,,
Week3JavaScriptandDOM/Day5MiniProject/Exercises/drumset-mini/README.md,2341,76,.md,Markdown,documentation,False,a6b9ca33db53d1a140b8ef5d736070ff7591c7f4c1e5dda8f627de5096e67f89,utf-8,True,Week3JavaScriptandDOM,Day5MiniProject,Week3JavaScriptandDOM/Day5MiniProject/Exercises/drumset-mini,Exercise,,False,True,0,1,False,,
Week3JavaScriptandDOM/Day5MiniProject/Exercises/drumset-mini/css/README.md,1640,58,.md,Markdown,documentation,False,f5558717ffa371cde1e479c5f5e079ae9490ff0dde0b3f00220f2fa842d35d50,utf-8,True,Week3JavaScriptandDOM,Day5MiniProject,Week3JavaScriptandDOM/Day5MiniProject/Exercises/drumset-mini,Exercise,,False,True,0,0,False,,
Week3JavaScriptandDOM/Day5MiniProject/Exercises/drumset-mini/css/styles.css,2077,59,.css,CSS,source,False,871481a49ac68cbf3417574f05520cecf6d64d141df3ff5159a8a635e63a4e39,utf-8,True,Week3JavaScriptandDOM,Day5MiniProject,Week3JavaScriptandDOM/Day5MiniProject/Exercises/drumset-mini,Exercise,,False,False,0,0,False,,
Week3JavaScriptandDOM/Day5MiniProject/Exercises/drumset-mini/index.html,2580,56,.html,HTML,source,False,1e7349dfbfbc6d0e780c3b7330b72162a6ee97ffdce4199dc045a1d64107c6c6,utf-8,True,Week3JavaScriptandDOM,Day5MiniProject,Week3JavaScriptandDOM/Day5MiniProject/Exercises/drumset-mini,Exercise,,False,False,0,0,False,,
Week3JavaScriptandDOM/Day5MiniProject/Exercises/drumset-mini/js/README.md,1616,58,.md,Markdown,documentation,False,89f0552fee1c63f8d9c530f86163996ef3f1a27d61e30f5df8bbec3e60bff8e6,utf-8,True,Week3JavaScriptandDOM,Day5MiniProject,Week3JavaScriptandDOM/Day5MiniProject/Exercises/drumset-mini,Exercise,,False,True,0,0,False,,
Week3JavaScriptandDOM/Day5MiniProject/Exercises/drumset-mini/js/app.js,2708,101,.js,JavaScript,source,False,6eee76230fc74c0f002de55a72c2f167cff7081ae1bc32eb7fed11b3b733eeab,utf-8,True,Week3JavaScriptandDOM,Day5MiniProject,Week3JavaScriptandDOM/Day5MiniProject/Exercises/drumset-mini,Exercise,,False,False,0,0,False,,
Week3JavaScriptandDOM/Day5MiniProject/Exercises/drumset-mini/sounds/PUT_SOUNDS_HERE.txt,116,2,.txt,Text,documentation,False,01d51ac3c1783a813297dd5d9233df5b16298632e00192b3cc533ac7129af3d6,utf-8,True,Week3JavaScriptandDOM,Day5MiniProject,Week3JavaScriptandDOM/Day5MiniProject/Exercises/drumset-mini,Exercise,,False,False,0,0,False,,
Week3JavaScriptandDOM/Day5MiniProject/Exercises/drumset-mini/sounds/README.md,1531,57,.md,Markdown,documentation,False,56225bfa0344151b02920e748d979502ecefd8cce81969a2b1f9c2c8ab56d7c8,utf-8,True,Week3JavaScriptandDOM,Day5MiniProject,Week3JavaScriptandDOM/Day5MiniProject/Exercises/drumset-mini,Exercise,,False,True,0,0,False,,
Week3JavaScriptandDOM/Day5MiniProject/Exercises/drumset-mini/sounds/boom.wav,132639,0,.wav,Other,asset,True,bf1a1025af83c192dfdbe0334c2239b7613d78394e00445d8ee8a32840b61d10,binary,True,Week3JavaScriptandDOM,Day5MiniProject,Week3JavaScriptandDOM/Day5MiniProject/Exercises/drumset-mini,Exercise,,False,False,0,0,True,,
Week3JavaScriptandDOM/Day5MiniProject/Exercises/drumset-mini/sounds/clap.wav,64959,0,.wav,Other,asset,True,08503e34861523f87baf2c400034453f1e18a85a021f21818e2cd686b7876fd7,binary,True,Week3JavaScriptandDOM,Day5MiniProject,Week3JavaScriptandDOM/Day5MiniProject/Exercises/drumset-mini,Exercise,,False,False,0,0,True,,
Week3JavaScriptandDOM/Day5MiniProject/Exercises/drumset-mini/sounds/hihat.wav,52095,0,.wav,Other,asset,True,606735047c589ed363901a798bf7e88235b7f7b959638d929a49270e4ebaff96,binary,True,Week3JavaScriptandDOM,Day5MiniProject,Week3JavaScriptandDOM/Day5MiniProject/Exercises/drumset-mini,Exercise,,False,False,0,0,True,,
Week3JavaScriptandDOM/Day5MiniProject/Exercises/drumset-mini/sounds/kick.wav,15569,0,.wav,Other,asset,True,7e4f02435d60913aa360d6a4b84a0283fa4feb082b837440edbd80b0995a1147,binary,True,Week3JavaScriptandDOM,Day5MiniProject,Week3JavaScriptandDOM/Day5MiniProject/Exercises/drumset-mini,Exercise,,False,False,0,0,False,,
Week3JavaScriptandDOM/Day5MiniProject/Exercises/drumset-mini/sounds/openhat.wav,243819,0,.wav,Other,asset,True,178e58ea4ac667d89a6a0c9399fb7926c9467f195a2a5495949fc7a8d355e5b3,binary,True,Week3JavaScriptandDOM,Day5MiniProject,Week3JavaScriptandDOM/Day5MiniProject/Exercises/drumset-mini,Exercise,,False,False,0,0,True,,
Week3JavaScriptandDOM/Day5MiniProject/Exercises/drumset-mini/sounds/ride.wav,439455,0,.wav,Other,asset,True,ac3ceeac32f15d5383878748f8683267dce8acbccb47c4603be87d7e8af63c39,binary,True,Week3JavaScriptandDOM,Day5MiniProject,Week3JavaScriptandDOM/Day5MiniProject/Exercises/drumset-mini,Exercise,,False,False,0,0,True,,
Week3JavaScriptandDOM/Day5MiniProject/Exercises/drumset-mini/sounds/snare.wav,33375,0,.wav,Other,asset,True,51b6e61b3b22470c780adae86ae1cae682de492f407f6507fa54f1a410b2429b,binary,True,Week3JavaScriptandDOM,Day5MiniProject,Week3JavaScriptandDOM/Day5MiniProject/Exercises/drumset-mini,Exercise,,False,False,0,0,True,,
Week3JavaScriptandDOM/Day5MiniProject/Exercises/drumset-mini/sounds/tink.wav,5451,0,.wav,Other,asset,True,1139c87bd627ec295bdd0b5687864a35f068462455e53dfb372cce05ebb9b848,binary,True,Week3JavaScriptandDOM,Day5MiniProject,Week3JavaScriptandDOM/Day5MiniProject/Exercises/drumset-mini,Exercise,,False,False,0,0,False,,
Week3JavaScriptandDOM/Day5MiniProject/Exercises/drumset-mini/sounds/tom.wav,107073,0,.wav,Other,asset,True,c1514e79c2d5a3e9ffc5430084e688a77f81c797f325250fc698815ee502d34b,binary,True,Week3JavaScriptandDOM,Day5MiniProject,Week3JavaScriptandDOM/Day5MiniProject/Exercises/drumset-mini,Exercise,,False,False,0,0,True,,
Week3JavaScriptandDOM/Day5MiniProject/README.md,1985,63,.md,Markdown,documentation,False,68e25db55da14a87ec3ef5d5910fb5668b7d47b974dd69e37469cd7b65a159d2,utf-8,True,Week3JavaScriptandDOM,Day5MiniProject,,,,False,True,0,0,False,,
Week3JavaScriptandDOM/README.md,2285,65,.md,Markdown,documentation,False,9e0116035b276a4d4c81665add19f0be80915baea8c6a09f77993b190b0c0d94,utf-8,True,Week3JavaScriptandDOM,,,,,False,True,0,0,False,,
Week3JavaScriptandDOM/RemoteLearningJSAndDOM/Exercises/ExercisesXP1/README.md,2379,67,.md,Markdown,documentation,False,37bda37932c4f275623aae8790d4473ee4aefc95cf3476479cf3b639503eeab6,utf-8,True,Week3JavaScriptandDOM,,Week3JavaScriptandDOM/RemoteLearningJSAndDOM/Exercises/ExercisesXP1,Exercise,XP,False,True,0,0,False,,
Week3JavaScriptandDOM/RemoteLearningJSAndDOM/Exercises/ExercisesXP1/exercise1_todo/README.md,2592,93,.md,Markdown,documentation,False,b745161b6ed6d7d704b7939f7205d3d88db0bea356883c0d6cd123047d28f41c,utf-8,True,Week3JavaScriptandDOM,,Week3JavaScriptandDOM/RemoteLearningJSAndDOM/Exercises/ExercisesXP1,Exercise,XP,False,True,4,0,False,,
Week3JavaScriptandDOM/RemoteLearningJSAndDOM/Exercises/ExercisesXP1/exercise1_todo/css/README.md,1646,58,.md,Markdown,documentation,False,1a30061bbf81efb2fe6619f2842f6fe7e9a777b0ff8edf4c9151b37f55f4aa74,utf-8,True,Week3JavaScriptandDOM,,Week3JavaScriptandDOM/RemoteLearningJSAndDOM/Exercises/ExercisesXP1,Exercise,XP,False,True,0,0,False,,
Week3JavaScriptandDOM/RemoteLearningJSAndDOM/Exercises/ExercisesXP1/exercise1_todo/css/styles.css,2079,34,.css,CSS,source,False,2ca01081d6d886a674891bc67aa34e004c3ba97c6bac61f801278cd83422d011,utf-8,True,Week3JavaScriptandDOM,,Week3JavaScriptandDOM/RemoteLearningJSAndDOM/Exercises/ExercisesXP1,Exercise,XP,False,False,0,0,False,,
Week3JavaScriptandDOM/RemoteLearningJSAndDOM/Exercises/ExercisesXP1/exercise1_todo/index.html,1136,30,.html,HTML,source,False,e1b45c3b4fc171361cf332920920aeccd89c461fa9ad83d05fbea4081aebe842,utf-8,True,Week3JavaScriptandDOM,,Week3JavaScriptandDOM/RemoteLearningJSAndDOM/Exercises/ExercisesXP1,Exercise,XP,False,False,3,0,False,,
Week3JavaScriptandDOM/RemoteLearningJSAndDOM/Exercises/ExercisesXP1/exercise1_todo/js/README.md,1666,58,.md,Markdown,documentation,False,e9be5929b64493566aa55ddb21972c7b168dcce6c35941ffa0edc910d5845ddd,utf-8,True,Week3JavaScriptandDOM,,Week3JavaScriptandDOM/RemoteLearningJSAndDOM/Exercises/ExercisesXP1,Exercise,XP,False,True,0,0,False,,
Week3JavaScriptandDOM/RemoteLearningJSAndDOM/Exercises/ExercisesXP1/exercise1_todo/js/app.js,2429,95,.js,JavaScript,source,False,d970a8d4446f47ef5dac4a15c6a45794995048fbb921bc58e73ebcd12c7914e8,utf-8,True,Week3JavaScriptandDOM,,Week3JavaScriptandDOM/RemoteLearningJSAndDOM/Exercises/ExercisesXP1,Exercise,XP,False,False,0,0,False,,
Week3JavaScriptandDOM/RemoteLearningJSAndDOM/Exercises/ExercisesXP1/exercise2_color_guess/README.md,2641,93,.md,Markdown,documentation,False,29e35de39eca6021c19ea4d48d41ee06ef504daaaf81cf93ee1efa6c48d8f9be,utf-8,True,Week3JavaScriptandDOM,,Week3JavaScriptandDOM/RemoteLearningJSAndDOM/Exercises/ExercisesXP1,Exercise,XP,False,True,0,0,False,,
Week3JavaScriptandDOM/RemoteLearningJSAndDOM/Exercises/ExercisesXP1/exercise2_color_guess/css/README.md,1646,58,.md,Markdown,documentation,False,be109ee084dc9cff7dd32149415e2c5d8fdd84a8e222de9ea3b812aae018d3d4,utf-8,True,Week3JavaScriptandDOM,,Week3JavaScriptandDOM/RemoteLearningJSAndDOM/Exercises/ExercisesXP1,Exercise,XP,False,True,0,0,False,,
Week3JavaScriptandDOM/RemoteLearningJSAndDOM/Exercises/ExercisesXP1/exercise2_color_guess/css/styles.css,1676,27,.css,CSS,source,False,fb18e43737bf4faf53b79900829060dd1ca577dbc33afdb8f97fe559b34eadf5,utf-8,True,Week3JavaScriptandDOM,,Week3JavaScriptandDOM/RemoteLearningJSAndDOM/Exercises/ExercisesXP1,Exercise,XP,False,False,0,0,False,,
Week3JavaScriptandDOM/RemoteLearningJSAndDOM/Exercises/ExercisesXP1/exercise2_color_guess/index.html,1519,45,.html,HTML,source,False,307ec875851cc84337622f5c2012960ecdbfc084467b359bdcca5752bb9ab04b,utf-8,True,Week3JavaScriptandDOM,,Week3JavaScriptandDOM/RemoteLearningJSAndDOM/Exercises/ExercisesXP1,Exercise,XP,False,False,0,0,False,,
Week3JavaScriptandDOM/RemoteLearningJSAndDOM/Exercises/ExercisesXP1/exercise2_color_guess/js/README.md,1680,58,.md,Markdown,documentation,False,d37d5770f684b94acb0e9d4c9a7d509315da27537d7d41a9c14bf0b03f3d83b1,utf-8,True,Week3JavaScriptandDOM,,Week3JavaScriptandDOM/RemoteLearningJSAndDOM/Exercises/ExercisesXP1,Exercise,XP,False,True,0,0,False,,
Week3JavaScriptandDOM/RemoteLearningJSAndDOM/Exercises/ExercisesXP1/exercise2_color_guess/js/app.js,2796,96,.js,JavaScript,source,False,9088bf6f1d2fcf3f8daf75824b4188a5f8b1553e67dac74c97e1b2ac1f5afd65,utf-8,True,Week3JavaScriptandDOM,,Week3JavaScriptandDOM/RemoteLearningJSAndDOM/Exercises/ExercisesXP1,Exercise,XP,False,False,0,0,False,,
Week3JavaScriptandDOM/RemoteLearningJSAndDOM/Exercises/ExercisesXP1/exercise3_calculator/README.md,2634,93,.md,Markdown,documentation,False,99fb526930daaed9beb2510b124c531bb05673c00351cfd1de816db324f15458,utf-8,True,Week3JavaScriptandDOM,,Week3JavaScriptandDOM/RemoteLearningJSAndDOM/Exercises/ExercisesXP1,Exercise,XP,False,True,0,0,False,,
Week3JavaScriptandDOM/RemoteLearningJSAndDOM/Exercises/ExercisesXP1/exercise3_calculator/css/README.md,1646,58,.md,Markdown,documentation,False,a505bde16ba023af1c786aef92f3ca9e70f849b7da50c6d9ff3db2f91f04585f,utf-8,True,Week3JavaScriptandDOM,,Week3JavaScriptandDOM/RemoteLearningJSAndDOM/Exercises/ExercisesXP1,Exercise,XP,False,True,0,0,False,,
Week3JavaScriptandDOM/RemoteLearningJSAndDOM/Exercises/ExercisesXP1/exercise3_calculator/css/styles.css,1131,24,.css,CSS,source,False,6f77c8859458c1190b34d412cb461d74e4fcb7d2ee4eadeab5d0a8b031938f96,utf-8,True,Week3JavaScriptandDOM,,Week3JavaScriptandDOM/RemoteLearningJSAndDOM/Exercises/ExercisesXP1,Exercise,XP,False,False,0,0,False,,
Week3JavaScriptandDOM/RemoteLearningJSAndDOM/Exercises/ExercisesXP1/exercise3_calculator/index.html,1482,48,.html,HTML,source,False,5510ce889fb08bd6fa3ba0456d8f31d2a05e8fd7672ac4681d923352105de383,utf-8,True,Week3JavaScriptandDOM,,Week3JavaScriptandDOM/RemoteLearningJSAndDOM/Exercises/ExercisesXP1,Exercise,XP,False,False,0,0,False,,
Week3JavaScriptandDOM/RemoteLearningJSAndDOM/Exercises/ExercisesXP1/exercise3_calculator/js/README.md,1678,58,.md,Markdown,documentation,False,574eafe7f505826add6ec345dc479b0d91afb7cba20f59a445699e871ec4cb9d,utf-8,True,Week3JavaScriptandDOM,,Week3JavaScriptandDOM/RemoteLearningJSAndDOM/Exercises/ExercisesXP1,Exercise,XP,False,True,0,0,False,,
Week3JavaScriptandDOM/RemoteLearningJSAndDOM/Exercises/ExercisesXP1/exercise3_calculator/js/app.js,2347,115,.js,JavaScript,source,False,a781825da66a5aed23bfdae57a104f65586734ef200c3a5469a3d05e603230c3,utf-8,True,Week3JavaScriptandDOM,,Week3JavaScriptandDOM/RemoteLearningJSAndDOM/Exercises/ExercisesXP1,Exercise,XP,False,False,0,0,False,,
Week3JavaScriptandDOM/RemoteLearningJSAndDOM/Exercises/ExercisesXP1/exercise4_whack_a_mole/README.md,2648,93,.md,Markdown,documentation,False,34ab8b4c5767f432163ed3d7067e89e4312bbe1aef95899e808aa0c5dfb1a51c,utf-8,True,Week3JavaScriptandDOM,,Week3JavaScriptandDOM/RemoteLearningJSAndDOM/Exercises/ExercisesXP1,Exercise,XP,False,True,0,0,False,,
Week3JavaScriptandDOM/RemoteLearningJSAndDOM/Exercises/ExercisesXP1/exercise4_whack_a_mole/css/README.md,1646,58,.md,Markdown,documentation,False,8d660a9ee4bb8dd421008882386c38b1f18ae71e064979d7334037617a528fa0,utf-8,True,Week3JavaScriptandDOM,,Week3JavaScriptandDOM/RemoteLearningJSAndDOM/Exercises/ExercisesXP1,Exercise,XP,False,True,0,0,False,,
Week3JavaScriptandDOM/RemoteLearningJSAndDOM/Exercises/ExercisesXP1/exercise4_whack_a_mole/css/styles.css,1025,18,.css,CSS,source,False,a13e3594567335813feee30c4e49208cf3b3f5b8efbed310def4e34533566ff9,utf-8,True,Week3JavaScriptandDOM,,Week3JavaScriptandDOM/RemoteLearningJSAndDOM/Exercises/ExercisesXP1,Exercise,XP,False,False,0,0,False,,
Week3JavaScriptandDOM/RemoteLearningJSAndDOM/Exercises/ExercisesXP1/exercise4_whack_a_mole/index.html,804,29,.html,HTML,source,False,12cd4ad85a535a7177488d2d8d71d285e7dabbd4a8efb122226a04a52b5794fe,utf-8,True,Week3JavaScriptandDOM,,Week3JavaScriptandDOM/RemoteLearningJSAndDOM/Exercises/ExercisesXP1,Exercise,XP,False,False,0,0,False,,
Week3JavaScriptandDOM/RemoteLearningJSAndDOM/Exercises/ExercisesXP1/exercise4_whack_a_mole/js/README.md,1683,58,.md,Markdown,documentation,False,0458058fe446ee632518c34209c08e14bfbad35c56767e22d642fa671eb38df4,utf-8,True,Week3JavaScriptandDOM,,Week3JavaScriptandDOM/RemoteLearningJSAndDOM/Exercises/ExercisesXP1,Exercise,XP,False,True,0,0,False,,
Week3JavaScriptandDOM/RemoteLearningJSAndDOM/Exercises/ExercisesXP1/exercise4_whack_a_mole/js/app.js,2728,112,.js,JavaScript,source,False,391cf49471e6c999656e8f2a8f037bcee52cc49a13ca9dbfe18add9e492526c7,utf-8,True,Week3JavaScriptandDOM,,Week3JavaScriptandDOM/RemoteLearningJSAndDOM/Exercises/ExercisesXP1,Exercise,XP,False,False,0,0,False,,
Week3JavaScriptandDOM/RemoteLearningJSAndDOM/Exercises/ExercisesXP2/README.md,2393,67,.md,Markdown,documentation,False,3dda0f0c1f15ee2e683709109eca875b6d34c7e9a7e994441d9f519c638927cd,utf-8,True,Week3JavaScriptandDOM,,Week3JavaScriptandDOM/RemoteLearningJSAndDOM/Exercises/ExercisesXP2,Exercise,XP,False,True,0,0,False,,
Week3JavaScriptandDOM/RemoteLearningJSAndDOM/Exercises/ExercisesXP2/exercise1_timer/README.md,2575,92,.md,Markdown,documentation,False,ea738716a9b6ead4576b2f773f2b3bc8b8c48376b7329051898880b78b9a7699,utf-8,True,Week3JavaScriptandDOM,,Week3JavaScriptandDOM/RemoteLearningJSAndDOM/Exercises/ExercisesXP2,Exercise,XP,False,True,0,0,False,,
Week3JavaScriptandDOM/RemoteLearningJSAndDOM/Exercises/ExercisesXP2/exercise1_timer/index.html,908,38,.html,HTML,source,False,3d3a0cff78a706bb255794a2e013ea75638c2c7328625ec4e78ef56de45e3a31,utf-8,True,Week3JavaScriptandDOM,,Week3JavaScriptandDOM/RemoteLearningJSAndDOM/Exercises/ExercisesXP2,Exercise,XP,False,False,0,0,False,,
Week3JavaScriptandDOM/RemoteLearningJSAndDOM/Exercises/ExercisesXP2/exercise1_timer/js/README.md,1668,58,.md,Markdown,documentation,False,0d502e2fcc7f22f6a53f0c83b9d8e32f0be2c93c5fe4701fdc8f9ffbfb0b07f0,utf-8,True,Week3JavaScriptandDOM,,Week3JavaScriptandDOM/RemoteLearningJSAndDOM/Exercises/ExercisesXP2,Exercise,XP,False,True,0,0,False,,
Week3JavaScriptandDOM/RemoteLearningJSAndDOM/Exercises/ExercisesXP2/exercise1_timer/js/app.js,915,37,.js,JavaScript,source,False,c1096faf91272174d0e9b00efa81800970d23b464cde249d6b24792876cfa111,utf-8,True,Week3JavaScriptandDOM,,Week3JavaScriptandDOM/RemoteLearningJSAndDOM/Exercises/ExercisesXP2,Exercise,XP,False,False,0,0,False,,
Week3JavaScriptandDOM/RemoteLearningJSAndDOM/Exercises/ExercisesXP2/exercise2_move_box/README.md,2596,92,.md,Markdown,documentation,False,800ad528fce88b19110aee3f2eaf9db13f36b549054b8fb62d7971849f0a5022,utf-8,True,Week3JavaScriptandDOM,,Week3JavaScriptandDOM/RemoteLearningJSAndDOM/Exercises/ExercisesXP2,Exercise,XP,False,True,0,0,False,,
Week3JavaScriptandDOM/RemoteLearningJSAndDOM/Exercises/ExercisesXP2/exercise2_move_box/index.html,1041,47,.html,HTML,source,False,c2e8eb7d3805527f972733fb49c287c1abb029744315966735e1a63c60280b40,utf-8,True,Week3JavaScriptandDOM,,Week3JavaScriptandDOM/RemoteLearningJSAndDOM/Exercises/ExercisesXP2,Exercise,XP,False,False,0,0,False,,
Week3JavaScriptandDOM/RemoteLearningJSAndDOM/Exercises/ExercisesXP2/exercise2_move_box/js/README.md,1674,58,.md,Markdown,documentation,False,3ac8852831a3791f99fc0c4b21c17cd2474914c415bac800e96e801bd968fe7d,utf-8,True,Week3JavaScriptandDOM,,Week3JavaScriptandDOM/RemoteLearningJSAndDOM/Exercises/ExercisesXP2,Exercise,XP,False,True,0,0,False,,
Week3JavaScriptandDOM/RemoteLearningJSAndDOM/Exercises/ExercisesXP2/exercise2_move_box/js/app.js,711,27,.js,JavaScript,source,False,64a43288b1416e7be2ead619893cde4dfe0478c82fe93408b9faf8fd6bdd663b,utf-8,True,Week3JavaScriptandDOM,,Week3JavaScriptandDOM/RemoteLearningJSAndDOM/Exercises/ExercisesXP2,Exercise,XP,False,False,0,0,False,,
Week3JavaScriptandDOM/RemoteLearningJSAndDOM/Exercises/ExercisesXP2/exercise3_drag_drop/README.md,2603,92,.md,Markdown,documentation,False,8954ce79ee2636a6c7b2fe8e843df9a194eb288a8cea733b38a7d36d560ca9d3,utf-8,True,Week3JavaScriptandDOM,,Week3JavaScriptandDOM/RemoteLearningJSAndDOM/Exercises/ExercisesXP2,Exercise,XP,False,True,0,0,False,,
Week3JavaScriptandDOM/RemoteLearningJSAndDOM/Exercises/ExercisesXP2/exercise3_drag_drop/index.html,968,39,.html,HTML,source,False,22156a7a557b0fe27259fd9a4c4be46eeccb4166086f09147a9e618a88dd026e,utf-8,True,Week3JavaScriptandDOM,,Week3JavaScriptandDOM/RemoteLearningJSAndDOM/Exercises/ExercisesXP2,Exercise,XP,False,False,0,0,False,,
Week3JavaScriptandDOM/RemoteLearningJSAndDOM/Exercises/ExercisesXP2/exercise3_drag_drop/js/README.md,1676,58,.md,Markdown,documentation,False,42695c329087148994b970083f41aff8bf7b40de98cf7ca94f69e97a9a02f870,utf-8,True,Week3JavaScriptandDOM,,Week3JavaScriptandDOM/RemoteLearningJSAndDOM/Exercises/ExercisesXP2,Exercise,XP,False,True,0,0,False,,
Week3JavaScriptandDOM/RemoteLearningJSAndDOM/Exercises/ExercisesXP2/exercise3_drag_drop/js/app.js,1858,59,.js,JavaScript,source,False,bbf766fdead9e6cbea496ca1b6f52ef3aea0af76bd78921955a452cb8606893d,utf-8,True,Week3JavaScriptandDOM,,Week3JavaScriptandDOM/RemoteLearningJSAndDOM/Exercises/ExercisesXP2,Exercise,XP,False,False,0,0,False,,
Week3JavaScriptandDOM/RemoteLearningJSAndDOM/Exercises/README.md,2250,65,.md,Markdown,documentation,False,23eab219a4aaf74f07659d202634c32c62ad83a72946e1e127e8e0a682826458,utf-8,True,Week3JavaScriptandDOM,,Week3JavaScriptandDOM/RemoteLearningJSAndDOM/Exercises,Exercise,,False,True,0,0,False,,
Week3JavaScriptandDOM/RemoteLearningJSAndDOM/README.md,2333,65,.md,Markdown,documentation,False,bcc00a70e1b8bab713d5bef35b4937987cdb6cd0a85786d6a6b2cecb4cce75a0,utf-8,True,Week3JavaScriptandDOM,,,,,False,True,0,0,False,,
Week4AdvAsynchronousJavaScript/Day1AdvancedArrayMethods/DailyChallenge/CarInventory/README.md,3553,111,.md,Markdown,documentation,False,af4a1b568a1b0a64c9670318f3620080d87f85ac8587459cc0b06cd2347f49f3,utf-8,True,Week4AdvAsynchronousJavaScript,Day1AdvancedArrayMethods,Week4AdvAsynchronousJavaScript/Day1AdvancedArrayMethods/DailyChallenge/CarInventory,Daily Challenge,,False,True,0,2,False,,
Week4AdvAsynchronousJavaScript/Day1AdvancedArrayMethods/DailyChallenge/CarInventory/index.html,2177,51,.html,HTML,source,False,09f9601b51e8fa519fcab548fd9eca50ea9920b0fd6004704202ce8d9dbeb03e,utf-8,True,Week4AdvAsynchronousJavaScript,Day1AdvancedArrayMethods,Week4AdvAsynchronousJavaScript/Day1AdvancedArrayMethods/DailyChallenge/CarInventory,Daily Challenge,,False,False,0,0,False,,
Week4AdvAsynchronousJavaScript/Day1AdvancedArrayMethods/DailyChallenge/CarInventory/js/README.md,1657,58,.md,Markdown,documentation,False,3f6c31830f1ba7890ac7d04a2036052ad948aab3cc16a1994663b07702f2cba8,utf-8,True,Week4AdvAsynchronousJavaScript,Day1AdvancedArrayMethods,Week4AdvAsynchronousJavaScript/Day1AdvancedArrayMethods/DailyChallenge/CarInventory,Daily Challenge,,False,True,0,0,False,,
Week4AdvAsynchronousJavaScript/Day1AdvancedArrayMethods/DailyChallenge/CarInventory/js/app.js,2058,58,.js,JavaScript,source,False,0efe7fc63276daf0a9e5ee64341cd686a3a4ea5e0f7108d738deeb03b8248a70,utf-8,True,Week4AdvAsynchronousJavaScript,Day1AdvancedArrayMethods,Week4AdvAsynchronousJavaScript/Day1AdvancedArrayMethods/DailyChallenge/CarInventory,Daily Challenge,,False,False,0,0,False,,
Week4AdvAsynchronousJavaScript/Day1AdvancedArrayMethods/DailyChallenge/GoWildcats/GoWildcats.ts,1843,54,.ts,TypeScript,source,False,7ce6ee2ef86f9e0272852d583dcb6b64058e0a1e6c35ad65302eb29a8c1a0b7d,utf-8,True,Week4AdvAsynchronousJavaScript,Day1AdvancedArrayMethods,Week4AdvAsynchronousJavaScript/Day1AdvancedArrayMethods/DailyChallenge/GoWildcats,Daily Challenge,,False,False,0,0,False,,
Week4AdvAsynchronousJavaScript/Day1AdvancedArrayMethods/DailyChallenge/GoWildcats/README.md,2492,85,.md,Markdown,documentation,False,61020a19bda01ff8368675383cc5cfca7d398e0d010fd795e76723d014c844c4,utf-8,True,Week4AdvAsynchronousJavaScript,Day1AdvancedArrayMethods,Week4AdvAsynchronousJavaScript/Day1AdvancedArrayMethods/DailyChallenge/GoWildcats,Daily Challenge,,False,True,0,0,False,,
Week4AdvAsynchronousJavaScript/Day1AdvancedArrayMethods/DailyChallenge/README.md,1824,60,.md,Markdown,documentation,False,67106030a378c9504a7cf45746beb7d6a123e66668d09953fd782783414d054c,utf-8,True,Week4AdvAsynchronousJavaScript,Day1AdvancedArrayMethods,Week4AdvAsynchronousJavaScript/Day1AdvancedArrayMethods/DailyChallenge,Daily Challenge,,False,True,0,0,False,,
Week4AdvAsynchronousJavaScript/Day1AdvancedArrayMethods/Exercises/ExercisesXP/README.md,2397,88,.md,Markdown,documentation,False,0cae98c402055e19c54fee8a1342cd2d4421bb5d6e34f72445c27871f0571929,utf-8,True,Week4AdvAsynchronousJavaScript,Day1AdvancedArrayMethods,Week4AdvAsynchronousJavaScript/Day1AdvancedArrayMethods/Exercises/ExercisesXP,Exercise,XP,False,True,0,0,False,,
Week4AdvAsynchronousJavaScript/Day1AdvancedArrayMethods/Exercises/ExercisesXP/http_forms_json_exercises.html,5730,136,.html,HTML,source,False,f7e7ac50b7f596bb78308e29ae98ec2cf70c91637d136bb87606c407ee05eba9,utf-8,True,Week4AdvAsynchronousJavaScript,Day1AdvancedArrayMethods,Week4AdvAsynchronousJavaScript/Day1AdvancedArrayMethods/Exercises/ExercisesXP,Exercise,XP,False,False,0,0,False,,
Week4AdvAsynchronousJavaScript/Day1AdvancedArrayMethods/Exercises/ExercisesXPGold/ArraysDestructuringXPGold.ts,4819,134,.ts,TypeScript,source,False,55561b0de9eb0e5f0e2e5b041c1ae69fbcd7569596b767ee24d23d370d3e65a4,utf-8,True,Week4AdvAsynchronousJavaScript,Day1AdvancedArrayMethods,Week4AdvAsynchronousJavaScript/Day1AdvancedArrayMethods/Exercises/ExercisesXPGold,Exercise,XP Gold,False,False,0,0,False,,
Week4AdvAsynchronousJavaScript/Day1AdvancedArrayMethods/Exercises/ExercisesXPGold/README.md,3018,95,.md,Markdown,documentation,False,3abf8d2b6aec8e5b3805feccfb71631c4522d4511125efe38d811372be6e9546,utf-8,True,Week4AdvAsynchronousJavaScript,Day1AdvancedArrayMethods,Week4AdvAsynchronousJavaScript/Day1AdvancedArrayMethods/Exercises/ExercisesXPGold,Exercise,XP Gold,False,True,0,0,False,,
Week4AdvAsynchronousJavaScript/Day1AdvancedArrayMethods/Exercises/ExercisesXPGold2/ArraysMethodsXPGold.ts,3028,91,.ts,TypeScript,source,False,4b4fca77929aa575accb09b07362c4ac64c082cabafa75defe29d23a9c75e217,utf-8,True,Week4AdvAsynchronousJavaScript,Day1AdvancedArrayMethods,Week4AdvAsynchronousJavaScript/Day1AdvancedArrayMethods/Exercises/ExercisesXPGold2,Exercise,XP Gold,False,False,0,0,False,,
Week4AdvAsynchronousJavaScript/Day1AdvancedArrayMethods/Exercises/ExercisesXPGold2/README.md,2762,92,.md,Markdown,documentation,False,dcc99600419dc89925de8a4767854444a3b6431b282a498ec6b15e60bb9ed2ab,utf-8,True,Week4AdvAsynchronousJavaScript,Day1AdvancedArrayMethods,Week4AdvAsynchronousJavaScript/Day1AdvancedArrayMethods/Exercises/ExercisesXPGold2,Exercise,XP Gold,False,True,0,0,False,,
Week4AdvAsynchronousJavaScript/Day1AdvancedArrayMethods/Exercises/README.md,2076,62,.md,Markdown,documentation,False,96ba7c225c98a6e9c3b6f3894b61d4af81f2ccedb3180b21fc170935ba54102e,utf-8,True,Week4AdvAsynchronousJavaScript,Day1AdvancedArrayMethods,Week4AdvAsynchronousJavaScript/Day1AdvancedArrayMethods/Exercises,Exercise,,False,True,0,0,False,,
Week4AdvAsynchronousJavaScript/Day1AdvancedArrayMethods/README.md,1877,60,.md,Markdown,documentation,False,900f8c6b74b2cf30268347f1c2fef2542c1427b8c82c9d7eb6c9579b819c830e,utf-8,True,Week4AdvAsynchronousJavaScript,Day1AdvancedArrayMethods,,,,False,True,0,0,False,,
Week4AdvAsynchronousJavaScript/Day2AdvancedObjectMethods/DailyChallenge/README.md,2659,90,.md,Markdown,documentation,False,20f33f679b67926d07fdddac1fbd43bf1f84ad9b082d528176d6a94915beee0c,utf-8,True,Week4AdvAsynchronousJavaScript,Day2AdvancedObjectMethods,Week4AdvAsynchronousJavaScript/Day2AdvancedObjectMethods/DailyChallenge,Daily Challenge,,False,True,0,0,False,,
Week4AdvAsynchronousJavaScript/Day2AdvancedObjectMethods/DailyChallenge/VideoObjects.ts,1903,51,.ts,TypeScript,source,False,427e22ebc5667291b88294e89ae7cbe4ec9a9e9861248113c9598c460c0cad43,utf-8,True,Week4AdvAsynchronousJavaScript,Day2AdvancedObjectMethods,Week4AdvAsynchronousJavaScript/Day2AdvancedObjectMethods/DailyChallenge,Daily Challenge,,False,False,0,0,False,,
Week4AdvAsynchronousJavaScript/Day2AdvancedObjectMethods/Exercises/ExercisesXP/ObjectsDestructuringClassesXP.ts,3990,136,.ts,TypeScript,source,False,fbdc26918f8119ec692d6aca888b562762a8f98d06dea90b15e1af158708c32d,utf-8,True,Week4AdvAsynchronousJavaScript,Day2AdvancedObjectMethods,Week4AdvAsynchronousJavaScript/Day2AdvancedObjectMethods/Exercises/ExercisesXP,Exercise,XP,False,False,0,0,False,,
Week4AdvAsynchronousJavaScript/Day2AdvancedObjectMethods/Exercises/ExercisesXP/README.md,3193,94,.md,Markdown,documentation,False,b704e369e3bf0947be8ab078e77342678fafb81583414739079d8e381d9dfa11,utf-8,True,Week4AdvAsynchronousJavaScript,Day2AdvancedObjectMethods,Week4AdvAsynchronousJavaScript/Day2AdvancedObjectMethods/Exercises/ExercisesXP,Exercise,XP,False,True,0,0,False,,
Week4AdvAsynchronousJavaScript/Day2AdvancedObjectMethods/Exercises/README.md,1713,58,.md,Markdown,documentation,False,5b5ddd3b30cf9defc0bf5ca4d6f153ac901534820ce5146b7320770fb297e558,utf-8,True,Week4AdvAsynchronousJavaScript,Day2AdvancedObjectMethods,Week4AdvAsynchronousJavaScript/Day2AdvancedObjectMethods/Exercises,Exercise,,False,True,0,0,False,,
Week4AdvAsynchronousJavaScript/Day2AdvancedObjectMethods/README.md,1981,60,.md,Markdown,documentation,False,0e4bf68b70b1539bb4678faee778ff8493bdb1f4428f325c0e799c1c5db021fd,utf-8,True,Week4AdvAsynchronousJavaScript,Day2AdvancedObjectMethods,,,,False,True,0,0,False,,
Week4AdvAsynchronousJavaScript/Day3HTTPAndFormMethodGETAndPOST/DailyChallenge/HTMLForm/README.md,2567,93,.md,Markdown,documentation,False,8f501a315f9ace18dfb9bd34c4c4bc580177d88b69d3e623eb4c5ae84a407fb3,utf-8,True,Week4AdvAsynchronousJavaScript,Day3HTTPAndFormMethodGETAndPOST,Week4AdvAsynchronousJavaScript/Day3HTTPAndFormMethodGETAndPOST/DailyChallenge/HTMLForm,Daily Challenge,,False,True,0,0,False,,
Week4AdvAsynchronousJavaScript/Day3HTTPAndFormMethodGETAndPOST/DailyChallenge/HTMLForm/css/README.md,1635,58,.md,Markdown,documentation,False,e597a6c75b782416187c93aa46da9d06a9117970f57c8ecc0a2ce05e03a2c3ce,utf-8,True,Week4AdvAsynchronousJavaScript,Day3HTTPAndFormMethodGETAndPOST,Week4AdvAsynchronousJavaScript/Day3HTTPAndFormMethodGETAndPOST/DailyChallenge/HTMLForm,Daily Challenge,,False,True,0,0,False,,
Week4AdvAsynchronousJavaScript/Day3HTTPAndFormMethodGETAndPOST/DailyChallenge/HTMLForm/css/styles.css,1236,34,.css,CSS,source,False,ff9bef5cd22bfc125bb5518cd754ffb40666ea8668cd9451ec0f21001226eda0,utf-8,True,Week4AdvAsynchronousJavaScript,Day3HTTPAndFormMethodGETAndPOST,Week4AdvAsynchronousJavaScript/Day3HTTPAndFormMethodGETAndPOST/DailyChallenge/HTMLForm,Daily Challenge,,False,False,0,0,False,,
Week4AdvAsynchronousJavaScript/Day3HTTPAndFormMethodGETAndPOST/DailyChallenge/HTMLForm/index.html,1334,42,.html,HTML,source,False,98f609554dfd3249e9e4a070803ab3934a0f987f3f32df5d1885753919d16167,utf-8,True,Week4AdvAsynchronousJavaScript,Day3HTTPAndFormMethodGETAndPOST,Week4AdvAsynchronousJavaScript/Day3HTTPAndFormMethodGETAndPOST/DailyChallenge/HTMLForm,Daily Challenge,,False,False,0,0,False,,
Week4AdvAsynchronousJavaScript/Day3HTTPAndFormMethodGETAndPOST/DailyChallenge/HTMLForm/js/README.md,1663,58,.md,Markdown,documentation,False,ab7a147db7d00d739aaebe432091be8fabc7f08aef7b07cb03bdc40a3bb28023,utf-8,True,Week4AdvAsynchronousJavaScript,Day3HTTPAndFormMethodGETAndPOST,Week4AdvAsynchronousJavaScript/Day3HTTPAndFormMethodGETAndPOST/DailyChallenge/HTMLForm,Daily Challenge,,False,True,0,0,False,,
Week4AdvAsynchronousJavaScript/Day3HTTPAndFormMethodGETAndPOST/DailyChallenge/HTMLForm/js/app.js,1603,54,.js,JavaScript,source,False,c146bee517c9e8de2332c732e97ca8bedcc9800fbfb7d56eeba9bcf81bfc5a2b,utf-8,True,Week4AdvAsynchronousJavaScript,Day3HTTPAndFormMethodGETAndPOST,Week4AdvAsynchronousJavaScript/Day3HTTPAndFormMethodGETAndPOST/DailyChallenge/HTMLForm,Daily Challenge,,False,False,0,0,False,,
Week4AdvAsynchronousJavaScript/Day3HTTPAndFormMethodGETAndPOST/DailyChallenge/README.md,2037,62,.md,Markdown,documentation,False,95ce0b6b52f20f208a10aa6f5c726ca8d0ff1787fda778ffec19509c30f27fd6,utf-8,True,Week4AdvAsynchronousJavaScript,Day3HTTPAndFormMethodGETAndPOST,Week4AdvAsynchronousJavaScript/Day3HTTPAndFormMethodGETAndPOST/DailyChallenge,Daily Challenge,,False,True,0,0,False,,
Week4AdvAsynchronousJavaScript/Day3HTTPAndFormMethodGETAndPOST/DailyChallenge/TrueOrFalse/README.md,2395,85,.md,Markdown,documentation,False,ea31291bec3983622e264e9154106410fb8acdaf24a546526d2a020e04f6337d,utf-8,True,Week4AdvAsynchronousJavaScript,Day3HTTPAndFormMethodGETAndPOST,Week4AdvAsynchronousJavaScript/Day3HTTPAndFormMethodGETAndPOST/DailyChallenge/TrueOrFalse,Daily Challenge,,False,True,0,0,False,,
Week4AdvAsynchronousJavaScript/Day3HTTPAndFormMethodGETAndPOST/DailyChallenge/TrueOrFalse/app.js,2225,73,.js,JavaScript,source,False,0f24e58ff635e156f36c05a440ca35d243fbbad9a45793ee8a6477e27e815bdc,utf-8,True,Week4AdvAsynchronousJavaScript,Day3HTTPAndFormMethodGETAndPOST,Week4AdvAsynchronousJavaScript/Day3HTTPAndFormMethodGETAndPOST/DailyChallenge/TrueOrFalse,Daily Challenge,,False,False,0,0,False,,
Week4AdvAsynchronousJavaScript/Day3HTTPAndFormMethodGETAndPOST/DailyChallenge/TrueOrFalse/index.html,1656,52,.html,HTML,source,False,f266ad1ad4dd01d4bd8047dd465fe7dc7c3fe291bbf686d555c2a1d73320b5a4,utf-8,True,Week4AdvAsynchronousJavaScript,Day3HTTPAndFormMethodGETAndPOST,Week4AdvAsynchronousJavaScript/Day3HTTPAndFormMethodGETAndPOST/DailyChallenge/TrueOrFalse,Daily Challenge,,False,False,0,0,False,,
Week4AdvAsynchronousJavaScript/Day3HTTPAndFormMethodGETAndPOST/DailyChallenge/TrueOrFalse/style.css,1396,77,.css,CSS,source,False,2e5acc095fe9144dd6f3e1fe664e54db22e2b5fae057f76ae01c75e0287e471e,utf-8,True,Week4AdvAsynchronousJavaScript,Day3HTTPAndFormMethodGETAndPOST,Week4AdvAsynchronousJavaScript/Day3HTTPAndFormMethodGETAndPOST/DailyChallenge/TrueOrFalse,Daily Challenge,,False,False,0,0,False,,
Week4AdvAsynchronousJavaScript/Day3HTTPAndFormMethodGETAndPOST/Exercises/ExercisesXP/README.md,3444,106,.md,Markdown,documentation,False,c82dc3284a50045950e84bfb22ef2b2e3f008629e4751b055aa3def3817ac0a4,utf-8,True,Week4AdvAsynchronousJavaScript,Day3HTTPAndFormMethodGETAndPOST,Week4AdvAsynchronousJavaScript/Day3HTTPAndFormMethodGETAndPOST/Exercises/ExercisesXP,Exercise,XP,False,True,0,3,False,,
Week4AdvAsynchronousJavaScript/Day3HTTPAndFormMethodGETAndPOST/Exercises/ExercisesXP/app.js,2038,66,.js,JavaScript,source,False,fab52204b561447ee03685cc1b13ae08dce31fc5d1ac6106f46249a80be8c116,utf-8,True,Week4AdvAsynchronousJavaScript,Day3HTTPAndFormMethodGETAndPOST,Week4AdvAsynchronousJavaScript/Day3HTTPAndFormMethodGETAndPOST/Exercises/ExercisesXP,Exercise,XP,False,False,0,0,False,,
Week4AdvAsynchronousJavaScript/Day3HTTPAndFormMethodGETAndPOST/Exercises/ExercisesXP/index.html,3184,85,.html,HTML,source,False,61806a752cd8b3e097e8caafa533cdbaaaf0a29de09ff6dfcfa66f677221f986,utf-8,True,Week4AdvAsynchronousJavaScript,Day3HTTPAndFormMethodGETAndPOST,Week4AdvAsynchronousJavaScript/Day3HTTPAndFormMethodGETAndPOST/Exercises/ExercisesXP,Exercise,XP,False,False,0,0,False,,
Week4AdvAsynchronousJavaScript/Day3HTTPAndFormMethodGETAndPOST/Exercises/ExercisesXP/style.css,1662,85,.css,CSS,source,False,008ce07b42506ad776d42443feabefe91d3fa7f5d40f94b63aa6e016a3a648dd,utf-8,True,Week4AdvAsynchronousJavaScript,Day3HTTPAndFormMethodGETAndPOST,Week4AdvAsynchronousJavaScript/Day3HTTPAndFormMethodGETAndPOST/Exercises/ExercisesXP,Exercise,XP,False,False,0,0,False,,
Week4AdvAsynchronousJavaScript/Day3HTTPAndFormMethodGETAndPOST/Exercises/ExercisesXPGold/README.md,2198,70,.md,Markdown,documentation,False,43d115d5e27ffb137ddbb208b41d701d916af525d6cd1668654e6ca68d6cd192,utf-8,True,Week4AdvAsynchronousJavaScript,Day3HTTPAndFormMethodGETAndPOST,Week4AdvAsynchronousJavaScript/Day3HTTPAndFormMethodGETAndPOST/Exercises/ExercisesXPGold,Exercise,XP Gold,False,True,0,0,False,,
Week4AdvAsynchronousJavaScript/Day3HTTPAndFormMethodGETAndPOST/Exercises/ExercisesXPGold/index.html,852,27,.html,HTML,source,False,aae1f63a377c5a80a2a6da244e81d1a414618dc3aba3420e3fa2f435d5cf6eb7,utf-8,True,Week4AdvAsynchronousJavaScript,Day3HTTPAndFormMethodGETAndPOST,Week4AdvAsynchronousJavaScript/Day3HTTPAndFormMethodGETAndPOST/Exercises/ExercisesXPGold,Exercise,XP Gold,False,False,0,0,False,,
Week4AdvAsynchronousJavaScript/Day3HTTPAndFormMethodGETAndPOST/Exercises/ExercisesXPGold/result.html,1111,38,.html,HTML,source,False,de1c688a2c87a7b48c377e67dd8097fc7bf6f7a63f8e715b9328f71c80e1c96f,utf-8,True,Week4AdvAsynchronousJavaScript,Day3HTTPAndFormMethodGETAndPOST,Week4AdvAsynchronousJavaScript/Day3HTTPAndFormMethodGETAndPOST/Exercises/ExercisesXPGold,Exercise,XP Gold,False,False,0,0,False,,
Week4AdvAsynchronousJavaScript/Day3HTTPAndFormMethodGETAndPOST/Exercises/README.md,2146,64,.md,Markdown,documentation,False,e1ba11bbc768e0fd64e030cf616b6923c0c9312c494fbc255ef8d7b02b85a0a6,utf-8,True,Week4AdvAsynchronousJavaScript,Day3HTTPAndFormMethodGETAndPOST,Week4AdvAsynchronousJavaScript/Day3HTTPAndFormMethodGETAndPOST/Exercises,Exercise,,False,True,0,0,False,,
Week4AdvAsynchronousJavaScript/Day3HTTPAndFormMethodGETAndPOST/Exercises/RandomQuoteGenerator/README.md,3259,100,.md,Markdown,documentation,False,149c1d68370ca5c316c5a975198bc632c67fe8c26c1cb5883901c4f4ae6c6d0f,utf-8,True,Week4AdvAsynchronousJavaScript,Day3HTTPAndFormMethodGETAndPOST,Week4AdvAsynchronousJavaScript/Day3HTTPAndFormMethodGETAndPOST/Exercises/RandomQuoteGenerator,Exercise,,False,True,0,0,False,,
Week4AdvAsynchronousJavaScript/Day3HTTPAndFormMethodGETAndPOST/Exercises/RandomQuoteGenerator/css/README.md,1635,58,.md,Markdown,documentation,False,d334428160b2414bf8f6370cf80a4464bda2ee8191271ee9b7166c1b23a3b567,utf-8,True,Week4AdvAsynchronousJavaScript,Day3HTTPAndFormMethodGETAndPOST,Week4AdvAsynchronousJavaScript/Day3HTTPAndFormMethodGETAndPOST/Exercises/RandomQuoteGenerator,Exercise,,False,True,0,0,False,,
Week4AdvAsynchronousJavaScript/Day3HTTPAndFormMethodGETAndPOST/Exercises/RandomQuoteGenerator/css/styles.css,1584,38,.css,CSS,source,False,2cc46cfccfb97fbe1dec2f73b0e33e12d80df6c7c06f4bac26c9c8604425f759,utf-8,True,Week4AdvAsynchronousJavaScript,Day3HTTPAndFormMethodGETAndPOST,Week4AdvAsynchronousJavaScript/Day3HTTPAndFormMethodGETAndPOST/Exercises/RandomQuoteGenerator,Exercise,,False,False,0,0,False,,
Week4AdvAsynchronousJavaScript/Day3HTTPAndFormMethodGETAndPOST/Exercises/RandomQuoteGenerator/index.html,2914,78,.html,HTML,source,False,c8031e31eef536d91d93946475607454d4e0bf927f90dce93133876491c92f7d,utf-8,True,Week4AdvAsynchronousJavaScript,Day3HTTPAndFormMethodGETAndPOST,Week4AdvAsynchronousJavaScript/Day3HTTPAndFormMethodGETAndPOST/Exercises/RandomQuoteGenerator,Exercise,,False,False,0,0,False,,
Week4AdvAsynchronousJavaScript/Day3HTTPAndFormMethodGETAndPOST/Exercises/RandomQuoteGenerator/js/README.md,1678,58,.md,Markdown,documentation,False,fe2baa550343c99daf5d01ddc3d7071c08d3e69ea0a07020660dee5d7a93c841,utf-8,True,Week4AdvAsynchronousJavaScript,Day3HTTPAndFormMethodGETAndPOST,Week4AdvAsynchronousJavaScript/Day3HTTPAndFormMethodGETAndPOST/Exercises/RandomQuoteGenerator,Exercise,,False,True,0,0,False,,
Week4AdvAsynchronousJavaScript/Day3HTTPAndFormMethodGETAndPOST/Exercises/RandomQuoteGenerator/js/app.js,6397,198,.js,JavaScript,source,False,7fc6b67ce0144209510fcb8169b8797544ae66f38bfc6439a4fff46ec66f3081,utf-8,True,Week4AdvAsynchronousJavaScript,Day3HTTPAndFormMethodGETAndPOST,Week4AdvAsynchronousJavaScript/Day3HTTPAndFormMethodGETAndPOST/Exercises/RandomQuoteGenerator,Exercise,,False,False,0,0,False,,
Week4AdvAsynchronousJavaScript/Day3HTTPAndFormMethodGETAndPOST/README.md,2421,65,.md,Markdown,documentation,False,35b81e0a0c63f837b9b8308b59d98f2452e625db65ef95132579a6969df33c69,utf-8,True,Week4AdvAsynchronousJavaScript,Day3HTTPAndFormMethodGETAndPOST,,,,False,True,0,0,False,,
Week4AdvAsynchronousJavaScript/Day4AsynchronousJavaScript/DailyChallenge/PlayWithWords/README.md,3933,115,.md,Markdown,documentation,False,a405fa64723baf11a803b42ae08f4188f0f637634cd8470b19b2e0f38656b641,utf-8,True,Week4AdvAsynchronousJavaScript,Day4AsynchronousJavaScript,Week4AdvAsynchronousJavaScript/Day4AsynchronousJavaScript/DailyChallenge/PlayWithWords,Daily Challenge,,False,True,0,0,False,,
Week4AdvAsynchronousJavaScript/Day4AsynchronousJavaScript/DailyChallenge/PlayWithWords/daily_promises_morse.js,4787,166,.js,JavaScript,source,False,bbb8efb8f99c17dc4fa01ab8639effa54e8d945e2c8865b3eb6d5a0ba96f0755,utf-8,True,Week4AdvAsynchronousJavaScript,Day4AsynchronousJavaScript,Week4AdvAsynchronousJavaScript/Day4AsynchronousJavaScript/DailyChallenge/PlayWithWords,Daily Challenge,,False,False,0,0,False,,
Week4AdvAsynchronousJavaScript/Day4AsynchronousJavaScript/DailyChallenge/PlayWithWords/index_daily_challenges.html,2274,47,.html,HTML,source,False,8d10e42578c584815f6ee5ccf04dba2c9267757234e80f18fe7a77b8ac7ec228,utf-8,True,Week4AdvAsynchronousJavaScript,Day4AsynchronousJavaScript,Week4AdvAsynchronousJavaScript/Day4AsynchronousJavaScript/DailyChallenge/PlayWithWords,Daily Challenge,,False,False,0,0,False,,
Week4AdvAsynchronousJavaScript/Day4AsynchronousJavaScript/DailyChallenge/README.md,1878,60,.md,Markdown,documentation,False,53ec875a16fd1f3a472b9bff289500f521a1a4c278d08ab8643ae031913b7bd3,utf-8,True,Week4AdvAsynchronousJavaScript,Day4AsynchronousJavaScript,Week4AdvAsynchronousJavaScript/Day4AsynchronousJavaScript/DailyChallenge,Daily Challenge,,False,True,0,0,False,,
Week4AdvAsynchronousJavaScript/Day4AsynchronousJavaScript/Exercises/ExercisesXP/README.md,3125,104,.md,Markdown,documentation,False,9a14db4d690b151abfd0e83ae8d897519e24469093fd64854578cf3d6d6af2b2,utf-8,True,Week4AdvAsynchronousJavaScript,Day4AsynchronousJavaScript,Week4AdvAsynchronousJavaScript/Day4AsynchronousJavaScript/Exercises/ExercisesXP,Exercise,XP,False,True,0,0,False,,
Week4AdvAsynchronousJavaScript/Day4AsynchronousJavaScript/Exercises/ExercisesXP/index_promises.html,1641,36,.html,HTML,source,False,06abf59d92ff1b31d6ff7d89ca13a7be9cab84009404cf3ff31714c1d7031985,utf-8,True,Week4AdvAsynchronousJavaScript,Day4AsynchronousJavaScript,Week4AdvAsynchronousJavaScript/Day4AsynchronousJavaScript/Exercises/ExercisesXP,Exercise,XP,False,False,0,0,False,,
Week4AdvAsynchronousJavaScript/Day4AsynchronousJavaScript/Exercises/ExercisesXP/promises.js,1878,65,.js,JavaScript,source,False,5fafff39498a61bcf468465a7008660b44164d70f0e1b4c02eee6fcad83a4731,utf-8,True,Week4AdvAsynchronousJavaScript,Day4AsynchronousJavaScript,Week4AdvAsynchronousJavaScript/Day4AsynchronousJavaScript/Exercises/ExercisesXP,Exercise,XP,False,False,0,0,False,,
Week4AdvAsynchronousJavaScript/Day4AsynchronousJavaScript/Exercises/README.md,1801,60,.md,Markdown,documentation,False,30d300f1add2531d62e6a2deec21eb5ad850faf67cafe03d8545cf5ed33a999f,utf-8,True,Week4AdvAsynchronousJavaScript,Day4AsynchronousJavaScript,Week4AdvAsynchronousJavaScript/Day4AsynchronousJavaScript/Exercises,Exercise,,False,True,0,0,False,,
Week4AdvAsynchronousJavaScript/Day4AsynchronousJavaScript/README.md,2115,62,.md,Markdown,documentation,False,6776fe93b6565403c2db3464d49ba4dd50247de2d7e37fe8a9e4bb528ba53e6a,utf-8,True,Week4AdvAsynchronousJavaScript,Day4AsynchronousJavaScript,,,,False,True,0,0,False,,
Week4AdvAsynchronousJavaScript/Day5FetchAndAsyncAwait/Exercises/ExercisesXP/README.md,3830,95,.md,Markdown,documentation,False,7e7ac051224e5215af9be9c54138910df51daed3da89f25da4b71538424c46c9,utf-8,True,Week4AdvAsynchronousJavaScript,Day5FetchAndAsyncAwait,Week4AdvAsynchronousJavaScript/Day5FetchAndAsyncAwait/Exercises/ExercisesXP,Exercise,XP,False,True,0,0,False,,
Week4AdvAsynchronousJavaScript/Day5FetchAndAsyncAwait/Exercises/ExercisesXP/css/README.md,1635,58,.md,Markdown,documentation,False,7790fa7e0b2cb1f1fc07ef18228489c162c1fac4f8365f0a242d042b694b5ea2,utf-8,True,Week4AdvAsynchronousJavaScript,Day5FetchAndAsyncAwait,Week4AdvAsynchronousJavaScript/Day5FetchAndAsyncAwait/Exercises/ExercisesXP,Exercise,XP,False,True,0,0,False,,
Week4AdvAsynchronousJavaScript/Day5FetchAndAsyncAwait/Exercises/ExercisesXP/css/styles.css,928,26,.css,CSS,source,False,5b3935bd66ff46d37d7e000c0e98d64846bcead2606ddf8b86e05645f0f2ff6d,utf-8,True,Week4AdvAsynchronousJavaScript,Day5FetchAndAsyncAwait,Week4AdvAsynchronousJavaScript/Day5FetchAndAsyncAwait/Exercises/ExercisesXP,Exercise,XP,False,False,0,0,False,,
Week4AdvAsynchronousJavaScript/Day5FetchAndAsyncAwait/Exercises/ExercisesXP/index.html,1866,52,.html,HTML,source,False,4ee332ac49d02d2671234b8c9b055b50d8809a298e522fdca8c8e4ba6ffeda6e,utf-8,True,Week4AdvAsynchronousJavaScript,Day5FetchAndAsyncAwait,Week4AdvAsynchronousJavaScript/Day5FetchAndAsyncAwait/Exercises/ExercisesXP,Exercise,XP,False,False,0,0,False,,
Week4AdvAsynchronousJavaScript/Day5FetchAndAsyncAwait/Exercises/ExercisesXP/js/README.md,1641,58,.md,Markdown,documentation,False,969fd1a90dcce5764c88a1fb641df01bdd323eda47f5cffe6e0d31618951371d,utf-8,True,Week4AdvAsynchronousJavaScript,Day5FetchAndAsyncAwait,Week4AdvAsynchronousJavaScript/Day5FetchAndAsyncAwait/Exercises/ExercisesXP,Exercise,XP,False,True,0,0,False,,
Week4AdvAsynchronousJavaScript/Day5FetchAndAsyncAwait/Exercises/ExercisesXP/js/app.js,3623,111,.js,JavaScript,source,False,8668fe2b2d9ee5fce78bb0e143219e726db470bc660c312a41076895a6360152,utf-8,True,Week4AdvAsynchronousJavaScript,Day5FetchAndAsyncAwait,Week4AdvAsynchronousJavaScript/Day5FetchAndAsyncAwait/Exercises/ExercisesXP,Exercise,XP,False,False,0,0,False,,
Week4AdvAsynchronousJavaScript/Day5FetchAndAsyncAwait/Exercises/ExercisesXP/js/config.example.js,64,3,.js,JavaScript,source,False,4bfbf6ae9a64571fe671cd66f7b6c49abb7dcef7a80f47c1b99499b9c694eafc,utf-8,True,Week4AdvAsynchronousJavaScript,Day5FetchAndAsyncAwait,Week4AdvAsynchronousJavaScript/Day5FetchAndAsyncAwait/Exercises/ExercisesXP,Exercise,XP,False,False,0,0,False,,
Week4AdvAsynchronousJavaScript/Day5FetchAndAsyncAwait/Exercises/README.md,1776,60,.md,Markdown,documentation,False,298f1438e120ed7421127fa0f1038b1d2b4c4717fdc5518d359bc95a9a9408d0,utf-8,True,Week4AdvAsynchronousJavaScript,Day5FetchAndAsyncAwait,Week4AdvAsynchronousJavaScript/Day5FetchAndAsyncAwait/Exercises,Exercise,,False,True,0,0,False,,
Week4AdvAsynchronousJavaScript/Day5FetchAndAsyncAwait/README.md,1847,60,.md,Markdown,documentation,False,34c352d9d4a8e11d04d1e394ca42166a39b48ad31d6fb1c1d9629e5a0a571cb5,utf-8,True,Week4AdvAsynchronousJavaScript,Day5FetchAndAsyncAwait,,,,False,True,0,0,False,,
Week4AdvAsynchronousJavaScript/README.md,2337,65,.md,Markdown,documentation,False,65c257acc8e99e4ce67a213a43dec104f2172262f33336c729ee1a2a456790a7,utf-8,True,Week4AdvAsynchronousJavaScript,,,,,False,True,0,0,False,,
Week5MiniProjectAndTypeScript/Day1MiniProject/DailyChallenge/CurrencyConverter/README.md,8655,317,.md,Markdown,documentation,False,cb4140ad1970f97cf65ac6fb6e881b6fbdfc10340ab33e059e93baefae316096,utf-8,True,Week5MiniProjectAndTypeScript,Day1MiniProject,Week5MiniProjectAndTypeScript/Day1MiniProject/DailyChallenge/CurrencyConverter,Daily Challenge,,False,True,0,2,False,,
Week5MiniProjectAndTypeScript/Day1MiniProject/DailyChallenge/CurrencyConverter/config.example.js,60,3,.js,JavaScript,source,False,47ce697b8424aa3be11f13fe50f7ebe40b18b92cf27450d758c3703f17e0eb5e,utf-8,True,Week5MiniProjectAndTypeScript,Day1MiniProject,Week5MiniProjectAndTypeScript/Day1MiniProject/DailyChallenge/CurrencyConverter,Daily Challenge,,False,False,0,0,False,,
Week5MiniProjectAndTypeScript/Day1MiniProject/DailyChallenge/CurrencyConverter/index.html,17753,591,.html,HTML,source,False,23ba78f69e2f886df2a7118f3f1e8f7be3cc46fc5242150d90a8d66790faaf6f,utf-8,True,Week5MiniProjectAndTypeScript,Day1MiniProject,Week5MiniProjectAndTypeScript/Day1MiniProject/DailyChallenge/CurrencyConverter,Daily Challenge,,False,False,0,3,False,,
Week5MiniProjectAndTypeScript/Day1MiniProject/DailyChallenge/README.md,1609,58,.md,Markdown,documentation,False,f6c04f02efcf133c7f3c28f7b4a2b3d0ad2d5263e8fcca3e953fd6d75a6d3ff6,utf-8,True,Week5MiniProjectAndTypeScript,Day1MiniProject,Week5MiniProjectAndTypeScript/Day1MiniProject/DailyChallenge,Daily Challenge,,False,True,0,0,False,,
Week5MiniProjectAndTypeScript/Day1MiniProject/Exercises/Pokedex/README.md,7817,261,.md,Markdown,documentation,False,72590f2005974a7f19d95b3ef50b781a127f9b6b7a0e9d0801c62bb6c9d73893,utf-8,True,Week5MiniProjectAndTypeScript,Day1MiniProject,Week5MiniProjectAndTypeScript/Day1MiniProject/Exercises/Pokedex,Exercise,,False,True,0,1,False,,
Week5MiniProjectAndTypeScript/Day1MiniProject/Exercises/Pokedex/index.html,20500,727,.html,HTML,source,False,4972036e9bdb73de7c71bd9b58a2657bd1e4423ebf8af23a6ba7d9f8ed7f0673,utf-8,True,Week5MiniProjectAndTypeScript,Day1MiniProject,Week5MiniProjectAndTypeScript/Day1MiniProject/Exercises/Pokedex,Exercise,,False,False,0,27,False,,
Week5MiniProjectAndTypeScript/Day1MiniProject/Exercises/README.md,1570,58,.md,Markdown,documentation,False,b6f4306a2d38d98dbd0f6c2862c0ec3aba477fea920fe16416ee9a806eff9b05,utf-8,True,Week5MiniProjectAndTypeScript,Day1MiniProject,Week5MiniProjectAndTypeScript/Day1MiniProject/Exercises,Exercise,,False,True,0,0,False,,
Week5MiniProjectAndTypeScript/Day1MiniProject/README.md,1834,62,.md,Markdown,documentation,False,42d3443714d3b0e4fb8e94b592e10ecbeefe875fdf77aee5e583dfd43983f1ef,utf-8,True,Week5MiniProjectAndTypeScript,Day1MiniProject,,,,False,True,0,0,False,,
Week5MiniProjectAndTypeScript/Day1MiniProject/StarWarsWebApp/README.md,5069,165,.md,Markdown,documentation,False,bd971f7acdde5e0782d44abc0f74d00b9102a8ab4e2963f36f26bab724ffb94e,utf-8,True,Week5MiniProjectAndTypeScript,Day1MiniProject,,,,False,True,0,0,False,,
Week5MiniProjectAndTypeScript/Day1MiniProject/StarWarsWebApp/index.html,12549,422,.html,HTML,source,False,92c9ca4f811053cd54767a6ac72d18b91b9300a2e4212773e1a22b9731b7c44e,utf-8,True,Week5MiniProjectAndTypeScript,Day1MiniProject,,,,False,False,0,18,False,,
Week5MiniProjectAndTypeScript/Day2IntroductionToTypeScriptAndKeyConcepts/DailyChallenge/README.md,1670,58,.md,Markdown,documentation,False,aa9209bd7da774262a61df55cfa123d3de9ad49226b33881b7e2279a66c59a8b,utf-8,True,Week5MiniProjectAndTypeScript,Day2IntroductionToTypeScriptAndKeyConcepts,Week5MiniProjectAndTypeScript/Day2IntroductionToTypeScriptAndKeyConcepts/DailyChallenge,Daily Challenge,,False,True,0,0,False,,
Week5MiniProjectAndTypeScript/Day2IntroductionToTypeScriptAndKeyConcepts/DailyChallenge/UnionTypeValidator/.gitignore,60,7,[no extension],Other,configuration,False,304e6768f9ef9c586e5e1b49e0d055a740d75d91af9c47fa63caec05935cf75d,utf-8,True,Week5MiniProjectAndTypeScript,Day2IntroductionToTypeScriptAndKeyConcepts,Week5MiniProjectAndTypeScript/Day2IntroductionToTypeScriptAndKeyConcepts/DailyChallenge/UnionTypeValidator,Daily Challenge,,False,False,0,0,False,,
Week5MiniProjectAndTypeScript/Day2IntroductionToTypeScriptAndKeyConcepts/DailyChallenge/UnionTypeValidator/README.md,9995,385,.md,Markdown,documentation,False,fc78c32b2b3dcc3407a64c7501cea42f201bd1cb4ca66679bdbe8e663508d998,utf-8,True,Week5MiniProjectAndTypeScript,Day2IntroductionToTypeScriptAndKeyConcepts,Week5MiniProjectAndTypeScript/Day2IntroductionToTypeScriptAndKeyConcepts/DailyChallenge/UnionTypeValidator,Daily Challenge,,False,True,0,4,False,,
Week5MiniProjectAndTypeScript/Day2IntroductionToTypeScriptAndKeyConcepts/DailyChallenge/UnionTypeValidator/package.json,519,19,.json,JSON,configuration,False,bbc4d3dbbae68265a093cbdc1d5a97ee9885388c262877ca5545a09ccf6593bb,utf-8,True,Week5MiniProjectAndTypeScript,Day2IntroductionToTypeScriptAndKeyConcepts,Week5MiniProjectAndTypeScript/Day2IntroductionToTypeScriptAndKeyConcepts/DailyChallenge/UnionTypeValidator,Daily Challenge,,False,False,0,0,False,,
Week5MiniProjectAndTypeScript/Day2IntroductionToTypeScriptAndKeyConcepts/DailyChallenge/UnionTypeValidator/src/README.md,1704,58,.md,Markdown,documentation,False,af7df308e7563a15f300d178308404dc34f2cbf62bebbac6630420890be4830e,utf-8,True,Week5MiniProjectAndTypeScript,Day2IntroductionToTypeScriptAndKeyConcepts,Week5MiniProjectAndTypeScript/Day2IntroductionToTypeScriptAndKeyConcepts/DailyChallenge/UnionTypeValidator,Daily Challenge,,False,True,0,0,False,,
Week5MiniProjectAndTypeScript/Day2IntroductionToTypeScriptAndKeyConcepts/DailyChallenge/UnionTypeValidator/src/index.ts,7928,221,.ts,TypeScript,source,False,eb1fe4c9eed6862c55824266f7b8e5edb4ccf0701675fbd971d87f97db7ad387,utf-8,True,Week5MiniProjectAndTypeScript,Day2IntroductionToTypeScriptAndKeyConcepts,Week5MiniProjectAndTypeScript/Day2IntroductionToTypeScriptAndKeyConcepts/DailyChallenge/UnionTypeValidator,Daily Challenge,,False,False,0,0,False,,
Week5MiniProjectAndTypeScript/Day2IntroductionToTypeScriptAndKeyConcepts/DailyChallenge/UnionTypeValidator/tsconfig.json,468,20,.json,JSON,configuration,False,28e327bf462c9034754f2a95d9c212c3eb2c6d7f7e9bfc1ef0e30f7f0d65682c,utf-8,True,Week5MiniProjectAndTypeScript,Day2IntroductionToTypeScriptAndKeyConcepts,Week5MiniProjectAndTypeScript/Day2IntroductionToTypeScriptAndKeyConcepts/DailyChallenge/UnionTypeValidator,Daily Challenge,,False,False,0,0,False,,
Week5MiniProjectAndTypeScript/Day2IntroductionToTypeScriptAndKeyConcepts/Exercises/ExercisesXP/ExercisesXP_Basics.ts,4320,136,.ts,TypeScript,source,False,609b88020c05ff69cb25c5b125083e6d0efd9d3e87b95b0f344cfd618f3c0ce8,utf-8,True,Week5MiniProjectAndTypeScript,Day2IntroductionToTypeScriptAndKeyConcepts,Week5MiniProjectAndTypeScript/Day2IntroductionToTypeScriptAndKeyConcepts/Exercises/ExercisesXP,Exercise,XP,False,False,0,0,False,,
Week5MiniProjectAndTypeScript/Day2IntroductionToTypeScriptAndKeyConcepts/Exercises/ExercisesXP/README.md,2453,76,.md,Markdown,documentation,False,77b9363fd9558d80ec9761dbfcbc4414eeacc986f1237daee5162b7fece0a1d8,utf-8,True,Week5MiniProjectAndTypeScript,Day2IntroductionToTypeScriptAndKeyConcepts,Week5MiniProjectAndTypeScript/Day2IntroductionToTypeScriptAndKeyConcepts/Exercises/ExercisesXP,Exercise,XP,False,True,0,0,False,,
Week5MiniProjectAndTypeScript/Day2IntroductionToTypeScriptAndKeyConcepts/Exercises/README.md,1710,58,.md,Markdown,documentation,False,27b5ce477adf5c9083096a97c752dc4271d2095539c4f5ee491ce1ee4963b6ea,utf-8,True,Week5MiniProjectAndTypeScript,Day2IntroductionToTypeScriptAndKeyConcepts,Week5MiniProjectAndTypeScript/Day2IntroductionToTypeScriptAndKeyConcepts/Exercises,Exercise,,False,True,0,0,False,,
Week5MiniProjectAndTypeScript/Day2IntroductionToTypeScriptAndKeyConcepts/README.md,1807,58,.md,Markdown,documentation,False,e056bb3483175a84caea0c50da4dcb06fa988cdafc43347df58e8066a1e92558,utf-8,True,Week5MiniProjectAndTypeScript,Day2IntroductionToTypeScriptAndKeyConcepts,,,,False,True,0,0,False,,
Week5MiniProjectAndTypeScript/Day3AdvancedTypeScriptConceptsAndApplications/DailyChallenge/LibrarySystem.ts,3016,104,.ts,TypeScript,source,False,701da4b0aeb7f6279928cadfe9c60f425053de43ab3486bcd87a1fed9676f7fc,utf-8,True,Week5MiniProjectAndTypeScript,Day3AdvancedTypeScriptConceptsAndApplications,Week5MiniProjectAndTypeScript/Day3AdvancedTypeScriptConceptsAndApplications/DailyChallenge,Daily Challenge,,False,False,0,0,False,,
Week5MiniProjectAndTypeScript/Day3AdvancedTypeScriptConceptsAndApplications/DailyChallenge/README.md,2419,76,.md,Markdown,documentation,False,229cfc3f91d9c6c888ee6ed39fde54bda8c53d9aa40dd6b454a5207c1d404cbf,utf-8,True,Week5MiniProjectAndTypeScript,Day3AdvancedTypeScriptConceptsAndApplications,Week5MiniProjectAndTypeScript/Day3AdvancedTypeScriptConceptsAndApplications/DailyChallenge,Daily Challenge,,False,True,0,0,False,,
Week5MiniProjectAndTypeScript/Day3AdvancedTypeScriptConceptsAndApplications/Exercises/ExercisesXP/ExercisesXP_OOP.ts,4056,143,.ts,TypeScript,source,False,c6a803a7ac36b92d5d74dca9ecdc1f22818bc574176a42c37174d05559d8e03c,utf-8,True,Week5MiniProjectAndTypeScript,Day3AdvancedTypeScriptConceptsAndApplications,Week5MiniProjectAndTypeScript/Day3AdvancedTypeScriptConceptsAndApplications/Exercises/ExercisesXP,Exercise,XP,False,False,0,0,False,,
Week5MiniProjectAndTypeScript/Day3AdvancedTypeScriptConceptsAndApplications/Exercises/ExercisesXP/README.md,2386,76,.md,Markdown,documentation,False,b2f235c70d933d8ad86d14e7dbabb62d422e71da99c8aa90adcf7f389c260b2a,utf-8,True,Week5MiniProjectAndTypeScript,Day3AdvancedTypeScriptConceptsAndApplications,Week5MiniProjectAndTypeScript/Day3AdvancedTypeScriptConceptsAndApplications/Exercises/ExercisesXP,Exercise,XP,False,True,0,0,False,,
Week5MiniProjectAndTypeScript/Day3AdvancedTypeScriptConceptsAndApplications/Exercises/README.md,1710,58,.md,Markdown,documentation,False,a1f72e54c7a2adff5db8a88c61c899c51a0efa549f7e11bff0ea9900d8abae4b,utf-8,True,Week5MiniProjectAndTypeScript,Day3AdvancedTypeScriptConceptsAndApplications,Week5MiniProjectAndTypeScript/Day3AdvancedTypeScriptConceptsAndApplications/Exercises,Exercise,,False,True,0,0,False,,
Week5MiniProjectAndTypeScript/Day3AdvancedTypeScriptConceptsAndApplications/README.md,2112,60,.md,Markdown,documentation,False,208587ed281b92a1509add7dc4ff54fb8e958ca1ff3c4f08b799837cd2aa34be,utf-8,True,Week5MiniProjectAndTypeScript,Day3AdvancedTypeScriptConceptsAndApplications,,,,False,True,0,0,False,,
Week5MiniProjectAndTypeScript/Day4AdvancedTypeScriptConceptsAndApplications/DailyChallenge/.gitignore,29,3,[no extension],Other,configuration,False,a3aae9dc718ab5fa433a9331be7f2ddf10dd139a2d1dc8d35d05c8bc356265d9,utf-8,True,Week5MiniProjectAndTypeScript,Day4AdvancedTypeScriptConceptsAndApplications,Week5MiniProjectAndTypeScript/Day4AdvancedTypeScriptConceptsAndApplications/DailyChallenge,Daily Challenge,,False,False,0,0,False,,
Week5MiniProjectAndTypeScript/Day4AdvancedTypeScriptConceptsAndApplications/DailyChallenge/README.md,2562,87,.md,Markdown,documentation,False,8656993d9cbfc7b397183bebe612f3bebc33d8b0f9da0c3725797ee1bbed8243,utf-8,True,Week5MiniProjectAndTypeScript,Day4AdvancedTypeScriptConceptsAndApplications,Week5MiniProjectAndTypeScript/Day4AdvancedTypeScriptConceptsAndApplications/DailyChallenge,Daily Challenge,,False,True,0,0,False,,
Week5MiniProjectAndTypeScript/Day4AdvancedTypeScriptConceptsAndApplications/DailyChallenge/TypeGuardUnion.ts,2251,76,.ts,TypeScript,source,False,cfd85c53e5c1a242f1dbbc21193a2ef08441e39fcec90a314f5b18ba533c0a43,utf-8,True,Week5MiniProjectAndTypeScript,Day4AdvancedTypeScriptConceptsAndApplications,Week5MiniProjectAndTypeScript/Day4AdvancedTypeScriptConceptsAndApplications/DailyChallenge,Daily Challenge,,False,False,0,0,False,,
Week5MiniProjectAndTypeScript/Day4AdvancedTypeScriptConceptsAndApplications/Exercises/ExercisesXP/.gitignore,29,3,[no extension],Other,configuration,False,a3aae9dc718ab5fa433a9331be7f2ddf10dd139a2d1dc8d35d05c8bc356265d9,utf-8,True,Week5MiniProjectAndTypeScript,Day4AdvancedTypeScriptConceptsAndApplications,Week5MiniProjectAndTypeScript/Day4AdvancedTypeScriptConceptsAndApplications/Exercises/ExercisesXP,Exercise,XP,False,False,0,0,False,,
Week5MiniProjectAndTypeScript/Day4AdvancedTypeScriptConceptsAndApplications/Exercises/ExercisesXP/ExercisesXP.ts,3195,89,.ts,TypeScript,source,False,23a29800c164fbfc48ac3c8b6e08c3c671685d0fcb23aec32d1a5146bd508bf1,utf-8,True,Week5MiniProjectAndTypeScript,Day4AdvancedTypeScriptConceptsAndApplications,Week5MiniProjectAndTypeScript/Day4AdvancedTypeScriptConceptsAndApplications/Exercises/ExercisesXP,Exercise,XP,False,False,0,0,False,,
Week5MiniProjectAndTypeScript/Day4AdvancedTypeScriptConceptsAndApplications/Exercises/ExercisesXP/README.md,2528,92,.md,Markdown,documentation,False,058fb25655b69382e84a1ef30367208bbf210160020d87aa010cd45cfaa5f331,utf-8,True,Week5MiniProjectAndTypeScript,Day4AdvancedTypeScriptConceptsAndApplications,Week5MiniProjectAndTypeScript/Day4AdvancedTypeScriptConceptsAndApplications/Exercises/ExercisesXP,Exercise,XP,False,True,0,0,False,,
Week5MiniProjectAndTypeScript/Day4AdvancedTypeScriptConceptsAndApplications/Exercises/ExercisesXPGold/.gitignore,29,3,[no extension],Other,configuration,False,a3aae9dc718ab5fa433a9331be7f2ddf10dd139a2d1dc8d35d05c8bc356265d9,utf-8,True,Week5MiniProjectAndTypeScript,Day4AdvancedTypeScriptConceptsAndApplications,Week5MiniProjectAndTypeScript/Day4AdvancedTypeScriptConceptsAndApplications/Exercises/ExercisesXPGold,Exercise,XP Gold,False,False,0,0,False,,
Week5MiniProjectAndTypeScript/Day4AdvancedTypeScriptConceptsAndApplications/Exercises/ExercisesXPGold/ExercisesXPGold.ts,4432,158,.ts,TypeScript,source,False,d6f10a2fb05d0500da3a1880800e9d4ed90d9a8d527696e12ff2b42101f3b16a,utf-8,True,Week5MiniProjectAndTypeScript,Day4AdvancedTypeScriptConceptsAndApplications,Week5MiniProjectAndTypeScript/Day4AdvancedTypeScriptConceptsAndApplications/Exercises/ExercisesXPGold,Exercise,XP Gold,False,False,0,0,False,,
Week5MiniProjectAndTypeScript/Day4AdvancedTypeScriptConceptsAndApplications/Exercises/ExercisesXPGold/README.md,2520,87,.md,Markdown,documentation,False,bc9c6c10bdf63dcd6e4d114e99fa9e651b9376f00c4bb7007720cf7bbe8f6933,utf-8,True,Week5MiniProjectAndTypeScript,Day4AdvancedTypeScriptConceptsAndApplications,Week5MiniProjectAndTypeScript/Day4AdvancedTypeScriptConceptsAndApplications/Exercises/ExercisesXPGold,Exercise,XP Gold,False,True,0,0,False,,
Week5MiniProjectAndTypeScript/Day4AdvancedTypeScriptConceptsAndApplications/Exercises/README.md,1956,60,.md,Markdown,documentation,False,8dce9ffc97a99d1b140c7bcd2e1e1ec42eb46b2fc49000d10cfaa4f495da460e,utf-8,True,Week5MiniProjectAndTypeScript,Day4AdvancedTypeScriptConceptsAndApplications,Week5MiniProjectAndTypeScript/Day4AdvancedTypeScriptConceptsAndApplications/Exercises,Exercise,,False,True,0,0,False,,
Week5MiniProjectAndTypeScript/Day4AdvancedTypeScriptConceptsAndApplications/README.md,2361,62,.md,Markdown,documentation,False,ee7f3b97659218173eb38e35a1ea30571ae8cda25813d7e35c31af293e4d440e,utf-8,True,Week5MiniProjectAndTypeScript,Day4AdvancedTypeScriptConceptsAndApplications,,,,False,True,0,0,False,,
Week5MiniProjectAndTypeScript/README.md,2021,63,.md,Markdown,documentation,False,d129892edb51c01a59469a7d49214996fa22f77f11aae37f9a80dc3f99a7bc43,utf-8,True,Week5MiniProjectAndTypeScript,,,,,False,True,0,0,False,,
Week6DatabasesAndNodejs/Day1IntroductionToDatabases/Exercises/ExercisesXP/.gitignore,60,5,[no extension],Other,configuration,False,0fb42c46c37483a35790a74e478de77a6ca488372dd956cf075a37e2d13703f2,utf-8,True,Week6DatabasesAndNodejs,Day1IntroductionToDatabases,Week6DatabasesAndNodejs/Day1IntroductionToDatabases/Exercises/ExercisesXP,Exercise,XP,False,False,0,0,False,,
Week6DatabasesAndNodejs/Day1IntroductionToDatabases/Exercises/ExercisesXP/README.md,3860,113,.md,Markdown,documentation,False,9f7731e03e66fe5e82928be5d15c901ce25236572d5bb45cb2ed97ad2811bb19,utf-8,True,Week6DatabasesAndNodejs,Day1IntroductionToDatabases,Week6DatabasesAndNodejs/Day1IntroductionToDatabases/Exercises/ExercisesXP,Exercise,XP,False,True,0,3,False,,
Week6DatabasesAndNodejs/Day1IntroductionToDatabases/Exercises/ExercisesXP/items_customers.sql,2732,74,.sql,SQL,source,False,9a71419bbc5ab6cb53394372a7c33ec08619f8bd60d3055bf7d4a6cb896eeb63,utf-8,True,Week6DatabasesAndNodejs,Day1IntroductionToDatabases,Week6DatabasesAndNodejs/Day1IntroductionToDatabases/Exercises/ExercisesXP,Exercise,XP,False,False,0,0,False,,
Week6DatabasesAndNodejs/Day1IntroductionToDatabases/Exercises/ExercisesXP/sample_outputs.txt,792,38,.txt,Text,documentation,False,512fe53dd098e3a898383dffbc187424e46e67c896261f79fd8b2139f1ff0833,utf-8,True,Week6DatabasesAndNodejs,Day1IntroductionToDatabases,Week6DatabasesAndNodejs/Day1IntroductionToDatabases/Exercises/ExercisesXP,Exercise,XP,False,False,0,0,False,,
Week6DatabasesAndNodejs/Day1IntroductionToDatabases/Exercises/ExercisesXPGold/README.md,2458,88,.md,Markdown,documentation,False,54db0a87d4c3b5c9c315f2ab2ebad582a5aaa9bd063cd3d8742fa58ee1c8d476,utf-8,True,Week6DatabasesAndNodejs,Day1IntroductionToDatabases,Week6DatabasesAndNodejs/Day1IntroductionToDatabases/Exercises/ExercisesXPGold,Exercise,XP Gold,False,True,0,0,False,,
Week6DatabasesAndNodejs/Day1IntroductionToDatabases/Exercises/ExercisesXPGold/exercisesxpgold.md,933,23,.md,Markdown,documentation,False,7c91775b20e096a7a7e502fb9eb7d8f511b1f98155622a3b1611cb37e870a5ad,utf-8,True,Week6DatabasesAndNodejs,Day1IntroductionToDatabases,Week6DatabasesAndNodejs/Day1IntroductionToDatabases/Exercises/ExercisesXPGold,Exercise,XP Gold,False,False,0,1,False,,
Week6DatabasesAndNodejs/Day1IntroductionToDatabases/Exercises/ExercisesXPGold/exercisesxpgold.sql,832,25,.sql,SQL,source,False,8bbbd587eee36a659d60eb8a3fa064444a8e583bd85d888da25f0ab925032bab,utf-8,True,Week6DatabasesAndNodejs,Day1IntroductionToDatabases,Week6DatabasesAndNodejs/Day1IntroductionToDatabases/Exercises/ExercisesXPGold,Exercise,XP Gold,False,False,0,0,False,,
Week6DatabasesAndNodejs/Day1IntroductionToDatabases/Exercises/ExercisesXPPlus/.gitignore,54,4,[no extension],Other,configuration,False,a26ea8bcef236154efb6d99c019ce4ecd320f3b5df6d13cdb90433a413eb8ea4,utf-8,True,Week6DatabasesAndNodejs,Day1IntroductionToDatabases,Week6DatabasesAndNodejs/Day1IntroductionToDatabases/Exercises/ExercisesXPPlus,Exercise,XP,False,False,0,0,False,,
Week6DatabasesAndNodejs/Day1IntroductionToDatabases/Exercises/ExercisesXPPlus/README.md,3231,95,.md,Markdown,documentation,False,76e1eeb67f5aeeb038ef35cdc4e015700dd06911caded453b82880e30efb80a3,utf-8,True,Week6DatabasesAndNodejs,Day1IntroductionToDatabases,Week6DatabasesAndNodejs/Day1IntroductionToDatabases/Exercises/ExercisesXPPlus,Exercise,XP,False,True,0,0,False,,
Week6DatabasesAndNodejs/Day1IntroductionToDatabases/Exercises/ExercisesXPPlus/exercisesxpplus.sql,3289,91,.sql,SQL,source,False,81f93a14143fc95fd895c50cf0530014473342c73ae2fdad94b5df408235224d,utf-8,True,Week6DatabasesAndNodejs,Day1IntroductionToDatabases,Week6DatabasesAndNodejs/Day1IntroductionToDatabases/Exercises/ExercisesXPPlus,Exercise,XP,False,False,0,0,False,,
Week6DatabasesAndNodejs/Day1IntroductionToDatabases/Exercises/README.md,2086,62,.md,Markdown,documentation,False,fccbacefa89aa9e6b4b3ea0d345d232c18daf0aafef663ad0b8f12a66db95cfb,utf-8,True,Week6DatabasesAndNodejs,Day1IntroductionToDatabases,Week6DatabasesAndNodejs/Day1IntroductionToDatabases/Exercises,Exercise,,False,True,0,0,False,,
Week6DatabasesAndNodejs/Day1IntroductionToDatabases/README.md,2177,62,.md,Markdown,documentation,False,c8b338415ec6e4e367079c96a9da6da81350107e8bdb7ef90ade886b1bf3b823,utf-8,True,Week6DatabasesAndNodejs,Day1IntroductionToDatabases,,,,False,True,0,0,False,,
Week6DatabasesAndNodejs/Day2DatabaseConcepts1/Exercises/ExercisesXP/README.md,2316,74,.md,Markdown,documentation,False,3a8171fd1f007e8083fdf9445c22113c76bfc21d0465838331a7ce68a92d3397,utf-8,True,Week6DatabasesAndNodejs,Day2DatabaseConcepts1,Week6DatabasesAndNodejs/Day2DatabaseConcepts1/Exercises/ExercisesXP,Exercise,XP,False,True,0,0,False,,
Week6DatabasesAndNodejs/Day2DatabaseConcepts1/Exercises/ExercisesXP/xp_sql_answers.sql,4314,139,.sql,SQL,source,False,d386d455fe319a61984f0168d68407a73428de126588ca250e7540bc2dc98aef,utf-8,True,Week6DatabasesAndNodejs,Day2DatabaseConcepts1,Week6DatabasesAndNodejs/Day2DatabaseConcepts1/Exercises/ExercisesXP,Exercise,XP,False,False,0,0,False,,
Week6DatabasesAndNodejs/Day2DatabaseConcepts1/Exercises/README.md,1655,58,.md,Markdown,documentation,False,ef5b66a6869f0e0ca4dbaed7cfba86ff9e91d20cf1d086bfb975f8d3a31dde7a,utf-8,True,Week6DatabasesAndNodejs,Day2DatabaseConcepts1,Week6DatabasesAndNodejs/Day2DatabaseConcepts1/Exercises,Exercise,,False,True,0,0,False,,
Week6DatabasesAndNodejs/Day2DatabaseConcepts1/README.md,1716,58,.md,Markdown,documentation,False,e99f22558e1584e2a00d58cfa7a645dd86502c699c3bebf884319065346edebc,utf-8,True,Week6DatabasesAndNodejs,Day2DatabaseConcepts1,,,,False,True,0,0,False,,
Week6DatabasesAndNodejs/Day3DatabaseConcepts2/Exercises/ExercisesXP/README.md,2326,75,.md,Markdown,documentation,False,8326170e09cf410afa2190fd2faa1268ab79a4d1d95192dd1221c39a52f201af,utf-8,True,Week6DatabasesAndNodejs,Day3DatabaseConcepts2,Week6DatabasesAndNodejs/Day3DatabaseConcepts2/Exercises/ExercisesXP,Exercise,XP,False,True,0,0,False,,
Week6DatabasesAndNodejs/Day3DatabaseConcepts2/Exercises/ExercisesXP/xp_dvdrental_relationships.sql,6036,157,.sql,SQL,source,False,1c3ac0fa29243fe4cdea32e8fafc39942795e222ec6eba558c445d0fee09b1e8,utf-8,True,Week6DatabasesAndNodejs,Day3DatabaseConcepts2,Week6DatabasesAndNodejs/Day3DatabaseConcepts2/Exercises/ExercisesXP,Exercise,XP,False,False,0,0,False,,
Week6DatabasesAndNodejs/Day3DatabaseConcepts2/Exercises/ExercisesXPGold/README.md,2159,67,.md,Markdown,documentation,False,6293a3b9269ab1e4dc066720df89505a2941c68f73f995706b0a4bbc8a21c932,utf-8,True,Week6DatabasesAndNodejs,Day3DatabaseConcepts2,Week6DatabasesAndNodejs/Day3DatabaseConcepts2/Exercises/ExercisesXPGold,Exercise,XP Gold,False,True,0,0,False,,
Week6DatabasesAndNodejs/Day3DatabaseConcepts2/Exercises/ExercisesXPGold/xp_gold_dvdrental.sql,6853,179,.sql,SQL,source,False,80ceb2d25e2c1088f3d6f9fbf0c1a88a0ca4b81bd71d9758a0234b6f71a65d67,utf-8,True,Week6DatabasesAndNodejs,Day3DatabaseConcepts2,Week6DatabasesAndNodejs/Day3DatabaseConcepts2/Exercises/ExercisesXPGold,Exercise,XP Gold,False,False,0,0,False,,
Week6DatabasesAndNodejs/Day3DatabaseConcepts2/Exercises/README.md,1879,60,.md,Markdown,documentation,False,93d18901c32c760d38bfd76d9265b2dcc458d6a065f86c86c33324d94ffc6efe,utf-8,True,Week6DatabasesAndNodejs,Day3DatabaseConcepts2,Week6DatabasesAndNodejs/Day3DatabaseConcepts2/Exercises,Exercise,,False,True,0,0,False,,
Week6DatabasesAndNodejs/Day3DatabaseConcepts2/README.md,1941,60,.md,Markdown,documentation,False,6dea6d17a5ab97103f0c7b176421378e4533f48d64024231d7479df150bbd32a,utf-8,True,Week6DatabasesAndNodejs,Day3DatabaseConcepts2,,,,False,True,0,0,False,,
Week6DatabasesAndNodejs/Day4NodejsIntroduction/DailyChallenge/NodejsAppAndNPM/.gitignore,30,3,[no extension],Other,configuration,False,8ffe9de56bd30c1a95cd945262d6e3ac355ada4111551dde41f67851b9f1fc55,utf-8,True,Week6DatabasesAndNodejs,Day4NodejsIntroduction,Week6DatabasesAndNodejs/Day4NodejsIntroduction/DailyChallenge/NodejsAppAndNPM,Daily Challenge,,False,False,0,0,False,,
Week6DatabasesAndNodejs/Day4NodejsIntroduction/DailyChallenge/NodejsAppAndNPM/README.md,2476,89,.md,Markdown,documentation,False,c706b7a44142656696ed28dd9ed2eaed3a65d9ac823ae240190b9194776309b2,utf-8,True,Week6DatabasesAndNodejs,Day4NodejsIntroduction,Week6DatabasesAndNodejs/Day4NodejsIntroduction/DailyChallenge/NodejsAppAndNPM,Daily Challenge,,False,True,0,0,False,,
Week6DatabasesAndNodejs/Day4NodejsIntroduction/DailyChallenge/NodejsAppAndNPM/challenge.js,489,14,.js,JavaScript,source,False,229a66c2e224520717c8139f214b90318ecc448dce2eac71a9f6e65df380d422,utf-8,True,Week6DatabasesAndNodejs,Day4NodejsIntroduction,Week6DatabasesAndNodejs/Day4NodejsIntroduction/DailyChallenge/NodejsAppAndNPM,Daily Challenge,,False,False,0,0,False,,
Week6DatabasesAndNodejs/Day4NodejsIntroduction/DailyChallenge/NodejsAppAndNPM/colorful-message.js,535,17,.js,JavaScript,source,False,58dd7cd0ab1e5859d01089c6453b0be18a3f4a599dc4e91d1b7733423273f702,utf-8,True,Week6DatabasesAndNodejs,Day4NodejsIntroduction,Week6DatabasesAndNodejs/Day4NodejsIntroduction/DailyChallenge/NodejsAppAndNPM,Daily Challenge,,False,False,0,0,False,,
Week6DatabasesAndNodejs/Day4NodejsIntroduction/DailyChallenge/NodejsAppAndNPM/files/README.md,1513,57,.md,Markdown,documentation,False,db5b69b4ac53606c8f6a26148afbc29e59266da151282111e299dbe4f7fee043,utf-8,True,Week6DatabasesAndNodejs,Day4NodejsIntroduction,Week6DatabasesAndNodejs/Day4NodejsIntroduction/DailyChallenge/NodejsAppAndNPM,Daily Challenge,,False,True,0,0,False,,
Week6DatabasesAndNodejs/Day4NodejsIntroduction/DailyChallenge/NodejsAppAndNPM/files/file-data.txt,101,2,.txt,Text,documentation,False,2b84db7c7916acba10f307c03a8d602b977e3e662c5b265b3af6afd3e522638e,utf-8,True,Week6DatabasesAndNodejs,Day4NodejsIntroduction,Week6DatabasesAndNodejs/Day4NodejsIntroduction/DailyChallenge/NodejsAppAndNPM,Daily Challenge,,False,False,0,0,False,,
Week6DatabasesAndNodejs/Day4NodejsIntroduction/DailyChallenge/NodejsAppAndNPM/greeting.js,427,16,.js,JavaScript,source,False,8f051a3bb7a7be7ffe3a9b10b105ceb9aa332efb0afe1ac5d01d109047db7ae6,utf-8,True,Week6DatabasesAndNodejs,Day4NodejsIntroduction,Week6DatabasesAndNodejs/Day4NodejsIntroduction/DailyChallenge/NodejsAppAndNPM,Daily Challenge,,False,False,0,0,False,,
Week6DatabasesAndNodejs/Day4NodejsIntroduction/DailyChallenge/NodejsAppAndNPM/package.json,244,11,.json,JSON,configuration,False,41643abd9342bba987eb04b044e9f60552b8e238cbbe89073f7942026c1d13a4,utf-8,True,Week6DatabasesAndNodejs,Day4NodejsIntroduction,Week6DatabasesAndNodejs/Day4NodejsIntroduction/DailyChallenge/NodejsAppAndNPM,Daily Challenge,,False,False,0,0,False,,
Week6DatabasesAndNodejs/Day4NodejsIntroduction/DailyChallenge/NodejsAppAndNPM/read-file.js,764,25,.js,JavaScript,source,False,4d247afc8e6d4672a9b448b3cffd55a255f51c6e591217d81ffa0fb965c48ce8,utf-8,True,Week6DatabasesAndNodejs,Day4NodejsIntroduction,Week6DatabasesAndNodejs/Day4NodejsIntroduction/DailyChallenge/NodejsAppAndNPM,Daily Challenge,,False,False,0,0,False,,
Week6DatabasesAndNodejs/Day4NodejsIntroduction/DailyChallenge/NodejsAppAndNPM/task-1/README.md,1660,58,.md,Markdown,documentation,False,c7293762aa137311a169471d1ce812ddb254abdc4e1b522744e2eb98151d82f1,utf-8,True,Week6DatabasesAndNodejs,Day4NodejsIntroduction,Week6DatabasesAndNodejs/Day4NodejsIntroduction/DailyChallenge/NodejsAppAndNPM,Daily Challenge,,False,True,0,0,False,,
Week6DatabasesAndNodejs/Day4NodejsIntroduction/DailyChallenge/NodejsAppAndNPM/task-1/app.js,242,9,.js,JavaScript,source,False,157fd800461fd69aaa9c3fceeee3f14f89e9ee240e596384d744c22134454244,utf-8,True,Week6DatabasesAndNodejs,Day4NodejsIntroduction,Week6DatabasesAndNodejs/Day4NodejsIntroduction/DailyChallenge/NodejsAppAndNPM,Daily Challenge,,False,False,0,0,False,,
Week6DatabasesAndNodejs/Day4NodejsIntroduction/DailyChallenge/NodejsAppAndNPM/task-2/README.md,1660,58,.md,Markdown,documentation,False,d339f25006a62be38f1b8e021a2361b3f8a3bef12fdaa23c73f8729aa133af35,utf-8,True,Week6DatabasesAndNodejs,Day4NodejsIntroduction,Week6DatabasesAndNodejs/Day4NodejsIntroduction/DailyChallenge/NodejsAppAndNPM,Daily Challenge,,False,True,0,0,False,,
Week6DatabasesAndNodejs/Day4NodejsIntroduction/DailyChallenge/NodejsAppAndNPM/task-2/app.js,210,7,.js,JavaScript,source,False,c187b094be398eee7ed77a034383519ee791f41343bd6c627b7eaf7d14d63924,utf-8,True,Week6DatabasesAndNodejs,Day4NodejsIntroduction,Week6DatabasesAndNodejs/Day4NodejsIntroduction/DailyChallenge/NodejsAppAndNPM,Daily Challenge,,False,False,0,0,False,,
Week6DatabasesAndNodejs/Day4NodejsIntroduction/DailyChallenge/NodejsAppAndNPM/task-3/README.md,1660,58,.md,Markdown,documentation,False,d0a321ec6646e335fc25985852dc2f0630817e60049e16224898a68ddf2cd647,utf-8,True,Week6DatabasesAndNodejs,Day4NodejsIntroduction,Week6DatabasesAndNodejs/Day4NodejsIntroduction/DailyChallenge/NodejsAppAndNPM,Daily Challenge,,False,True,0,0,False,,
Week6DatabasesAndNodejs/Day4NodejsIntroduction/DailyChallenge/NodejsAppAndNPM/task-3/app.js,235,7,.js,JavaScript,source,False,bd97a9df9c9d0ef53f7fc308748a81edbda38b59c4f5189f9f5cc69e8978d90f,utf-8,True,Week6DatabasesAndNodejs,Day4NodejsIntroduction,Week6DatabasesAndNodejs/Day4NodejsIntroduction/DailyChallenge/NodejsAppAndNPM,Daily Challenge,,False,False,0,0,False,,
Week6DatabasesAndNodejs/Day4NodejsIntroduction/DailyChallenge/README.md,2071,62,.md,Markdown,documentation,False,1b3633ac9322ac0753c776d44e02477df49b38e0679a2fccece311ec6351286e,utf-8,True,Week6DatabasesAndNodejs,Day4NodejsIntroduction,Week6DatabasesAndNodejs/Day4NodejsIntroduction/DailyChallenge,Daily Challenge,,False,True,0,0,False,,
Week6DatabasesAndNodejs/Day4NodejsIntroduction/Exercises/ExercisesXP/.gitignore,30,3,[no extension],Other,configuration,False,2f9aebd7a15d0a9e62d69bff1c888bb93ec5eab506a9db272de622defda4735c,utf-8,True,Week6DatabasesAndNodejs,Day4NodejsIntroduction,Week6DatabasesAndNodejs/Day4NodejsIntroduction/Exercises/ExercisesXP,Exercise,XP,False,False,0,0,False,,
Week6DatabasesAndNodejs/Day4NodejsIntroduction/Exercises/ExercisesXP/README.md,5017,180,.md,Markdown,documentation,False,86c95821674b3f32278aaf89e1921eba443689ae647d16cdf894d22871a273d9,utf-8,True,Week6DatabasesAndNodejs,Day4NodejsIntroduction,Week6DatabasesAndNodejs/Day4NodejsIntroduction/Exercises/ExercisesXP,Exercise,XP,False,True,5,0,False,,
Week6DatabasesAndNodejs/Day4NodejsIntroduction/Exercises/ExercisesXP/exercise-1-commonjs-products/README.md,2441,89,.md,Markdown,documentation,False,0b8e12b5dfd40551b5f08fbd41a5d5ec28aa7630a586ef32741bad509a6efcd0,utf-8,True,Week6DatabasesAndNodejs,Day4NodejsIntroduction,Week6DatabasesAndNodejs/Day4NodejsIntroduction/Exercises/ExercisesXP,Exercise,XP,False,True,0,0,False,,
Week6DatabasesAndNodejs/Day4NodejsIntroduction/Exercises/ExercisesXP/exercise-1-commonjs-products/package.json,85,5,.json,JSON,configuration,False,0b2d4dc728a0a313685d19edd31067c2ace670da8d5586e890afb6721a5c3d44,utf-8,True,Week6DatabasesAndNodejs,Day4NodejsIntroduction,Week6DatabasesAndNodejs/Day4NodejsIntroduction/Exercises/ExercisesXP,Exercise,XP,False,False,0,0,False,,
Week6DatabasesAndNodejs/Day4NodejsIntroduction/Exercises/ExercisesXP/exercise-1-commonjs-products/products.js,898,25,.js,JavaScript,source,False,2f209b813ab26a0f108ae6aa33d28e6d2dcc70094ae8a60dafc3de45124a9cd9,utf-8,True,Week6DatabasesAndNodejs,Day4NodejsIntroduction,Week6DatabasesAndNodejs/Day4NodejsIntroduction/Exercises/ExercisesXP,Exercise,XP,False,False,0,0,False,,
Week6DatabasesAndNodejs/Day4NodejsIntroduction/Exercises/ExercisesXP/exercise-1-commonjs-products/shop.js,1155,38,.js,JavaScript,source,False,d14f730aa3291731c0c0fd2186234f63667959513950f0dccdd01b63ff2cce4e,utf-8,True,Week6DatabasesAndNodejs,Day4NodejsIntroduction,Week6DatabasesAndNodejs/Day4NodejsIntroduction/Exercises/ExercisesXP,Exercise,XP,False,False,0,0,False,,
Week6DatabasesAndNodejs/Day4NodejsIntroduction/Exercises/ExercisesXP/exercise-2-esm-average-age/README.md,2535,90,.md,Markdown,documentation,False,c365e8d3f64bf37385760172aabe59843143240f8737c63ed54687e3382f7e8f,utf-8,True,Week6DatabasesAndNodejs,Day4NodejsIntroduction,Week6DatabasesAndNodejs/Day4NodejsIntroduction/Exercises/ExercisesXP,Exercise,XP,False,True,0,0,False,,
Week6DatabasesAndNodejs/Day4NodejsIntroduction/Exercises/ExercisesXP/exercise-2-esm-average-age/app.js,796,24,.js,JavaScript,source,False,56cf0007f028e7f95e9f3cc58279d1b71a1bdbac36d1044fd308ea2c1991ed5e,utf-8,True,Week6DatabasesAndNodejs,Day4NodejsIntroduction,Week6DatabasesAndNodejs/Day4NodejsIntroduction/Exercises/ExercisesXP,Exercise,XP,False,False,0,0,False,,
Week6DatabasesAndNodejs/Day4NodejsIntroduction/Exercises/ExercisesXP/exercise-2-esm-average-age/data.js,577,20,.js,JavaScript,source,False,70dbaf46f2e6907577729c5e318fd3493af85f4fd0d2f0fced3b0ea04147cea2,utf-8,True,Week6DatabasesAndNodejs,Day4NodejsIntroduction,Week6DatabasesAndNodejs/Day4NodejsIntroduction/Exercises/ExercisesXP,Exercise,XP,False,False,0,0,False,,
Week6DatabasesAndNodejs/Day4NodejsIntroduction/Exercises/ExercisesXP/exercise-2-esm-average-age/package.json,103,6,.json,JSON,configuration,False,2253ad00fc608620248406b851a9671ec3271c48aa8eeb9c5ba61a446b8ed0ec,utf-8,True,Week6DatabasesAndNodejs,Day4NodejsIntroduction,Week6DatabasesAndNodejs/Day4NodejsIntroduction/Exercises/ExercisesXP,Exercise,XP,False,False,0,0,False,,
Week6DatabasesAndNodejs/Day4NodejsIntroduction/Exercises/ExercisesXP/exercise-3-file-manager-commonjs/Bye World.txt,13,1,.txt,Text,documentation,False,b778822a3e80a1b17c135ad7b6fdaeccdf06d3f90d75ab4a575c203c38f30098,utf-8,True,Week6DatabasesAndNodejs,Day4NodejsIntroduction,Week6DatabasesAndNodejs/Day4NodejsIntroduction/Exercises/ExercisesXP,Exercise,XP,False,False,0,0,False,,
Week6DatabasesAndNodejs/Day4NodejsIntroduction/Exercises/ExercisesXP/exercise-3-file-manager-commonjs/Hello World.txt,15,1,.txt,Text,documentation,False,f8ceb43055a1d2572495ccb0aa1a8b409ba52f09fbf164223a8b19b809b73746,utf-8,True,Week6DatabasesAndNodejs,Day4NodejsIntroduction,Week6DatabasesAndNodejs/Day4NodejsIntroduction/Exercises/ExercisesXP,Exercise,XP,False,False,0,0,False,,
Week6DatabasesAndNodejs/Day4NodejsIntroduction/Exercises/ExercisesXP/exercise-3-file-manager-commonjs/README.md,2585,90,.md,Markdown,documentation,False,a9a554ebd60336a625a4c8a8e036599cc61a8d686adc46e4ce778e35b905e188,utf-8,True,Week6DatabasesAndNodejs,Day4NodejsIntroduction,Week6DatabasesAndNodejs/Day4NodejsIntroduction/Exercises/ExercisesXP,Exercise,XP,False,True,0,0,False,,
Week6DatabasesAndNodejs/Day4NodejsIntroduction/Exercises/ExercisesXP/exercise-3-file-manager-commonjs/app.js,570,16,.js,JavaScript,source,False,ed5e4c9c6e87f3f264d8d09a9a298032df471b70d6ba048f413b8d604e83c22b,utf-8,True,Week6DatabasesAndNodejs,Day4NodejsIntroduction,Week6DatabasesAndNodejs/Day4NodejsIntroduction/Exercises/ExercisesXP,Exercise,XP,False,False,0,0,False,,
Week6DatabasesAndNodejs/Day4NodejsIntroduction/Exercises/ExercisesXP/exercise-3-file-manager-commonjs/fileManager.js,1309,45,.js,JavaScript,source,False,1a9ea01f48c36d1bb7092e9b20872002f20923062c409248a8add2078e844d4b,utf-8,True,Week6DatabasesAndNodejs,Day4NodejsIntroduction,Week6DatabasesAndNodejs/Day4NodejsIntroduction/Exercises/ExercisesXP,Exercise,XP,False,False,0,0,False,,
Week6DatabasesAndNodejs/Day4NodejsIntroduction/Exercises/ExercisesXP/exercise-3-file-manager-commonjs/package.json,89,5,.json,JSON,configuration,False,138085a9ab3c8c1b6b70f7f2b13e833951ab35e429c7ac050150574b1ab48e56,utf-8,True,Week6DatabasesAndNodejs,Day4NodejsIntroduction,Week6DatabasesAndNodejs/Day4NodejsIntroduction/Exercises/ExercisesXP,Exercise,XP,False,False,0,0,False,,
Week6DatabasesAndNodejs/Day4NodejsIntroduction/Exercises/ExercisesXP/exercise-4-esm-todo/README.md,2535,90,.md,Markdown,documentation,False,eb95b87ffe130a3a04e45bbba302638ee40774a87ca5d6facf9412e7932ea512,utf-8,True,Week6DatabasesAndNodejs,Day4NodejsIntroduction,Week6DatabasesAndNodejs/Day4NodejsIntroduction/Exercises/ExercisesXP,Exercise,XP,False,True,8,0,False,,
Week6DatabasesAndNodejs/Day4NodejsIntroduction/Exercises/ExercisesXP/exercise-4-esm-todo/todoApp/README.md,1813,59,.md,Markdown,documentation,False,12444490f5e12d4de991dff53050f441d893299ba8896ec2715befd452aa2823,utf-8,True,Week6DatabasesAndNodejs,Day4NodejsIntroduction,Week6DatabasesAndNodejs/Day4NodejsIntroduction/Exercises/ExercisesXP,Exercise,XP,False,True,7,0,False,,
Week6DatabasesAndNodejs/Day4NodejsIntroduction/Exercises/ExercisesXP/exercise-4-esm-todo/todoApp/app.js,655,25,.js,JavaScript,source,False,fbd0819614ce9fc10380e38ac3900c4f18c542ecf9712fa8346324f5b50a3d95,utf-8,True,Week6DatabasesAndNodejs,Day4NodejsIntroduction,Week6DatabasesAndNodejs/Day4NodejsIntroduction/Exercises/ExercisesXP,Exercise,XP,False,False,1,0,False,,
Week6DatabasesAndNodejs/Day4NodejsIntroduction/Exercises/ExercisesXP/exercise-4-esm-todo/todoApp/package.json,89,6,.json,JSON,configuration,False,b42c65d198f03530293b383dd7c17096e2da0bc096909ff7bcfa29709396c01d,utf-8,True,Week6DatabasesAndNodejs,Day4NodejsIntroduction,Week6DatabasesAndNodejs/Day4NodejsIntroduction/Exercises/ExercisesXP,Exercise,XP,False,False,1,0,False,,
Week6DatabasesAndNodejs/Day4NodejsIntroduction/Exercises/ExercisesXP/exercise-4-esm-todo/todoApp/todo.js,1110,54,.js,JavaScript,source,False,28ddfe08f157bc58467030413f6e145cd7c538abb8f63e2a432b74da835a7ae4,utf-8,True,Week6DatabasesAndNodejs,Day4NodejsIntroduction,Week6DatabasesAndNodejs/Day4NodejsIntroduction/Exercises/ExercisesXP,Exercise,XP,False,False,1,0,False,,
Week6DatabasesAndNodejs/Day4NodejsIntroduction/Exercises/ExercisesXP/exercise-5-math-app/README.md,2540,90,.md,Markdown,documentation,False,6a87075e0d6d78a1471ec6031ffd8985dd24abe2539c9218a9d572ba863db8d3,utf-8,True,Week6DatabasesAndNodejs,Day4NodejsIntroduction,Week6DatabasesAndNodejs/Day4NodejsIntroduction/Exercises/ExercisesXP,Exercise,XP,False,True,0,0,False,,
Week6DatabasesAndNodejs/Day4NodejsIntroduction/Exercises/ExercisesXP/exercise-5-math-app/math-app/README.md,1816,59,.md,Markdown,documentation,False,6b62b93bf61a75e7d1904f8d36aa4c4cceb342a98e6ac6ebcc16f9a3eeef2936,utf-8,True,Week6DatabasesAndNodejs,Day4NodejsIntroduction,Week6DatabasesAndNodejs/Day4NodejsIntroduction/Exercises/ExercisesXP,Exercise,XP,False,True,0,0,False,,
Week6DatabasesAndNodejs/Day4NodejsIntroduction/Exercises/ExercisesXP/exercise-5-math-app/math-app/app.js,731,21,.js,JavaScript,source,False,db8fe60144e81d198efe42d8848f8949831037c44febe5e1ea26a4f900b2fe9b,utf-8,True,Week6DatabasesAndNodejs,Day4NodejsIntroduction,Week6DatabasesAndNodejs/Day4NodejsIntroduction/Exercises/ExercisesXP,Exercise,XP,False,False,0,0,False,,
Week6DatabasesAndNodejs/Day4NodejsIntroduction/Exercises/ExercisesXP/exercise-5-math-app/math-app/math.js,523,27,.js,JavaScript,source,False,f3a71be46de6fa008f343f8476b498cd0a01c02b3a9d6a543d1d5ee36391aa20,utf-8,True,Week6DatabasesAndNodejs,Day4NodejsIntroduction,Week6DatabasesAndNodejs/Day4NodejsIntroduction/Exercises/ExercisesXP,Exercise,XP,False,False,0,0,False,,
Week6DatabasesAndNodejs/Day4NodejsIntroduction/Exercises/ExercisesXP/exercise-5-math-app/math-app/package.json,224,11,.json,JSON,configuration,False,e82be356c268bca4b9a53b2f3a997d93179723f70224f622f47d4f8daf113c90,utf-8,True,Week6DatabasesAndNodejs,Day4NodejsIntroduction,Week6DatabasesAndNodejs/Day4NodejsIntroduction/Exercises/ExercisesXP,Exercise,XP,False,False,0,0,False,,
Week6DatabasesAndNodejs/Day4NodejsIntroduction/Exercises/ExercisesXP/exercise-6-npm-beginner-chalk/README.md,2609,89,.md,Markdown,documentation,False,462bffb8bd3d0645c0fed837a98f2c1a81773599640a64c98f6c5100e6db42fd,utf-8,True,Week6DatabasesAndNodejs,Day4NodejsIntroduction,Week6DatabasesAndNodejs/Day4NodejsIntroduction/Exercises/ExercisesXP,Exercise,XP,False,True,0,0,False,,
Week6DatabasesAndNodejs/Day4NodejsIntroduction/Exercises/ExercisesXP/exercise-6-npm-beginner-chalk/npm-beginner/README.md,1874,59,.md,Markdown,documentation,False,59f7b774b8dc1a7ec6d7cb7fb88a1bea754c538b047c8a1a831facbb0ab42d05,utf-8,True,Week6DatabasesAndNodejs,Day4NodejsIntroduction,Week6DatabasesAndNodejs/Day4NodejsIntroduction/Exercises/ExercisesXP,Exercise,XP,False,True,0,0,False,,
Week6DatabasesAndNodejs/Day4NodejsIntroduction/Exercises/ExercisesXP/exercise-6-npm-beginner-chalk/npm-beginner/app.js,739,24,.js,JavaScript,source,False,e38053a63294ca8357394f53d76c227b049db178083ba0bf8c8103f3eed5a384,utf-8,True,Week6DatabasesAndNodejs,Day4NodejsIntroduction,Week6DatabasesAndNodejs/Day4NodejsIntroduction/Exercises/ExercisesXP,Exercise,XP,False,False,0,0,False,,
Week6DatabasesAndNodejs/Day4NodejsIntroduction/Exercises/ExercisesXP/exercise-6-npm-beginner-chalk/npm-beginner/package.json,226,11,.json,JSON,configuration,False,69e1ee1fd0d71f80477cf75af044283c42b83ed803c3c63cc2d4e0064c22f716,utf-8,True,Week6DatabasesAndNodejs,Day4NodejsIntroduction,Week6DatabasesAndNodejs/Day4NodejsIntroduction/Exercises/ExercisesXP,Exercise,XP,False,False,0,0,False,,
Week6DatabasesAndNodejs/Day4NodejsIntroduction/Exercises/ExercisesXP/exercise-7-file-explorer/README.md,2473,89,.md,Markdown,documentation,False,934fb354696e9c3811f624fd9f68a6a85735622188ad23b13d1377c1d7ea4cc9,utf-8,True,Week6DatabasesAndNodejs,Day4NodejsIntroduction,Week6DatabasesAndNodejs/Day4NodejsIntroduction/Exercises/ExercisesXP,Exercise,XP,False,True,0,0,False,,
Week6DatabasesAndNodejs/Day4NodejsIntroduction/Exercises/ExercisesXP/exercise-7-file-explorer/file-explorer/README.md,1685,58,.md,Markdown,documentation,False,5dc642ecf33188064e927575730b9f54fdeb9748347388f42b8fe16b2e2121e3,utf-8,True,Week6DatabasesAndNodejs,Day4NodejsIntroduction,Week6DatabasesAndNodejs/Day4NodejsIntroduction/Exercises/ExercisesXP,Exercise,XP,False,True,0,0,False,,
Week6DatabasesAndNodejs/Day4NodejsIntroduction/Exercises/ExercisesXP/exercise-7-file-explorer/file-explorer/copy-file.js,729,24,.js,JavaScript,source,False,132de958a8bd7b7e437e0305be106ac477ed17da53eb02b06e485239ec124a12,utf-8,True,Week6DatabasesAndNodejs,Day4NodejsIntroduction,Week6DatabasesAndNodejs/Day4NodejsIntroduction/Exercises/ExercisesXP,Exercise,XP,False,False,0,0,False,,
Week6DatabasesAndNodejs/Day4NodejsIntroduction/Exercises/ExercisesXP/exercise-7-file-explorer/file-explorer/package.json,70,5,.json,JSON,configuration,False,c452b7acab6d2035e38b5ba723831a59199c93dcc8aa41740800575ad7ab400c,utf-8,True,Week6DatabasesAndNodejs,Day4NodejsIntroduction,Week6DatabasesAndNodejs/Day4NodejsIntroduction/Exercises/ExercisesXP,Exercise,XP,False,False,0,0,False,,
Week6DatabasesAndNodejs/Day4NodejsIntroduction/Exercises/ExercisesXP/exercise-7-file-explorer/file-explorer/read-directory.js,624,22,.js,JavaScript,source,False,28f7cb35cb16f1be5726c3ae350d9a3237b4b73330d4aba3959a972c2c01a5f2,utf-8,True,Week6DatabasesAndNodejs,Day4NodejsIntroduction,Week6DatabasesAndNodejs/Day4NodejsIntroduction/Exercises/ExercisesXP,Exercise,XP,False,False,0,0,False,,
Week6DatabasesAndNodejs/Day4NodejsIntroduction/Exercises/ExercisesXP/exercise-7-file-explorer/file-explorer/source.txt,51,1,.txt,Text,documentation,False,776b27c5897c594f76f54942f6efe219ac18f25a4f7b9eb4f32214ee95d716a0,utf-8,True,Week6DatabasesAndNodejs,Day4NodejsIntroduction,Week6DatabasesAndNodejs/Day4NodejsIntroduction/Exercises/ExercisesXP,Exercise,XP,False,False,0,0,False,,
Week6DatabasesAndNodejs/Day4NodejsIntroduction/Exercises/README.md,2255,63,.md,Markdown,documentation,False,3abe69f41080a46706cb8fc2a9be8bd6c7e0348dd50cb83c0db8726d03486506,utf-8,True,Week6DatabasesAndNodejs,Day4NodejsIntroduction,Week6DatabasesAndNodejs/Day4NodejsIntroduction/Exercises,Exercise,,False,True,1,0,False,,
Week6DatabasesAndNodejs/Day4NodejsIntroduction/README.md,2339,64,.md,Markdown,documentation,False,df42fd5d3b1b6db317f5d1be56918d38cd9ed73de51c9fee2ddb2c60b91128ab,utf-8,True,Week6DatabasesAndNodejs,Day4NodejsIntroduction,,,,False,True,0,0,False,,
Week6DatabasesAndNodejs/README.md,2343,64,.md,Markdown,documentation,False,9426e833fc5e720055390ad05631be6e5a62d659cda980ffe84ccb9444ec6173,utf-8,True,Week6DatabasesAndNodejs,,,,,False,True,0,0,False,,
Week7NodejsAndReact/README.md,1759,38,.md,Markdown,documentation,False,68be84703c36bb11c3652e4e7889bd3969660c0a052fb9ae4070eb3e6df82fd4,utf-8,True,Week7NodejsAndReact,,,,,False,True,0,0,False,,
Week8React/README.md,1740,38,.md,Markdown,documentation,False,aa700a82685710b7b455742059cbb9fc66b554242d327de685f1c9625692dfa5,utf-8,True,Week8React,,,,,False,True,0,0,False,,
Week9Redux/README.md,1738,38,.md,Markdown,documentation,False,56ac71f0cab6f6787ca1858cbf0b10a566885e2f6f4e6709dfea197c8fa6f11f,utf-8,True,Week9Redux,,,,,False,True,0,0,False,,
assets/README.md,1492,57,.md,Markdown,documentation,False,a1dd41d92683ca50b48e0bd5a3e3e3b4e4729f553c6d654ef66f3bb3bea8dd12,utf-8,True,,,,,,False,True,0,0,False,,
assets/readme/README.md,1479,57,.md,Markdown,documentation,False,4d5b36656199979a2d0480f9cf38aa5eb277d1b90b67c7d7119ad75004e2d0cd,utf-8,True,,,,,,False,True,0,0,False,,
assets/readme/learning-orbit.svg,4366,77,.svg,SVG,asset,False,d4531dc1ed2d52046ef76eafa73e5de1dc5d2b1c7fd55578fd2cc00901769b01,utf-8,True,,,,,,False,False,0,0,False,,
assets/readme/nova-folder-pulse.svg,1116,2,.svg,SVG,asset,False,559d00b15c89e84eb76a074560ff17332c630f5b3d33f85e9607d9b9bb973c31,utf-8,True,,,,,,False,False,0,0,False,,
assets/readme/nova-fullstack-banner.svg,3961,71,.svg,SVG,asset,False,9ce38157e7d127a0178bf88aefedbf1fbe6e3bcfc9ec1d1e8e6c7323def4866c,utf-8,True,,,,,,False,False,0,0,False,,
assets/readme/nova-readiness-center.svg,3820,2,.svg,SVG,asset,False,c2834b044f321fd4e1da74a8b1af17334f0c2fad1abe64c692a4c25d633cfeb8,utf-8,True,,,,,,False,False,0,0,False,,
assets/readme/nova-ultimate-banner.svg,2296,7,.svg,SVG,asset,False,29574faa7b309b63e9990ff696b4f5ed21a7d6cbf7eae278e769d3027ef6c280,utf-8,True,,,,,,False,False,0,0,False,,
assets/readme/progress/advanced-algorithm-911e3731b7.svg,1199,2,.svg,SVG,asset,False,d67f24f5f97ed7be1b5bf53dd563ec2bc02520188b20f5f761544116461bf36a,utf-8,True,,,,,,False,False,0,0,False,,
assets/readme/progress/air-management-2c6b6fc9f2.svg,1191,2,.svg,SVG,asset,False,be5191208bf6a757a3f5194ae7045e900eb920074acb6c684c139145a64306d1,utf-8,True,,,,,,False,False,0,0,False,,
assets/readme/progress/anagram-checker-8fdcf3b2c3.svg,1193,2,.svg,SVG,asset,False,742961fe76983ca5dab85e25464513e1a5ecb41b291d5b519a5c3ab30d63282c,utf-8,True,,,,,,False,False,0,0,False,,
assets/readme/progress/assets-3685e330ec.svg,1177,2,.svg,SVG,asset,False,9bb2356fa7da24d089102811ef44c555ed15824c3c229034e0d3e86dabe331a5,utf-8,True,,,,,,False,False,0,0,False,,
assets/readme/progress/bubble-sort-dc81cde00f.svg,1185,2,.svg,SVG,asset,False,bdbaf0993d1752f3f6f99091229559475a2feb35ef033c53bc38da3e643ad284,utf-8,True,,,,,,False,False,0,0,False,,
assets/readme/progress/build-up-astring-6c50c48a77.svg,1195,2,.svg,SVG,asset,False,2ac3ea18a0cc3cc9da202e4daceb51f954707039d7106793abd5cab2f4b3a537,utf-8,True,,,,,,False,False,0,0,False,,
assets/readme/progress/caesar-cypher-c2aae16993.svg,1189,2,.svg,SVG,asset,False,afbf60d171b1d2cf2edc949f5f35acf247932f4c0e49c6361116d48f64f762b4,utf-8,True,,,,,,False,False,0,0,False,,
assets/readme/progress/car-inventory-0e0706421a.svg,1189,2,.svg,SVG,asset,False,4b7304aeeb584df68af2484ee970372ac8a5789d82e1bfa6eee98d14912fafa9,utf-8,True,,,,,,False,False,0,0,False,,
assets/readme/progress/challenges-48c4324ce8.svg,1183,2,.svg,SVG,asset,False,384ef828c6e8d460eb9f8823bf095c46c60e45d383468f0be57de60753c00d32,utf-8,True,,,,,,False,False,0,0,False,,
assets/readme/progress/challenges1-e9520d5915.svg,1185,2,.svg,SVG,asset,False,9064b52bb6b9eca7432ebd7ac2274e969b7d76ad5c5c94cc756628bc25c2c7d8,utf-8,True,,,,,,False,False,0,0,False,,
assets/readme/progress/challenges2-e9acc2f59e.svg,1185,2,.svg,SVG,asset,False,0c4ead449ed063f2471385534ae433f78b890aa3eddfd2ee2b53be0bef86ba2c,utf-8,True,,,,,,False,False,0,0,False,,
assets/readme/progress/circle-97d878cfe4.svg,1175,2,.svg,SVG,asset,False,04e932b75a54225e62310691d9e92be281b3f7817b49d20ae1c99791fbaf68a9,utf-8,True,,,,,,False,False,0,0,False,,
assets/readme/progress/css-301984da57.svg,1174,2,.svg,SVG,asset,False,065f071f7f6a0e6e3f8d98ae61d80d4cf77b00f77f44feb74c3ac3b487215bc7,utf-8,True,,,,,,False,False,0,0,False,,
assets/readme/progress/css-472e2fb5e8.svg,1174,2,.svg,SVG,asset,False,065f071f7f6a0e6e3f8d98ae61d80d4cf77b00f77f44feb74c3ac3b487215bc7,utf-8,True,,,,,,False,False,0,0,False,,
assets/readme/progress/css-5401dbb63d.svg,1174,2,.svg,SVG,asset,False,065f071f7f6a0e6e3f8d98ae61d80d4cf77b00f77f44feb74c3ac3b487215bc7,utf-8,True,,,,,,False,False,0,0,False,,
assets/readme/progress/css-5815e2ea50.svg,1174,2,.svg,SVG,asset,False,065f071f7f6a0e6e3f8d98ae61d80d4cf77b00f77f44feb74c3ac3b487215bc7,utf-8,True,,,,,,False,False,0,0,False,,
assets/readme/progress/css-6f50f81572.svg,1174,2,.svg,SVG,asset,False,065f071f7f6a0e6e3f8d98ae61d80d4cf77b00f77f44feb74c3ac3b487215bc7,utf-8,True,,,,,,False,False,0,0,False,,
assets/readme/progress/css-8f2369139b.svg,1174,2,.svg,SVG,asset,False,065f071f7f6a0e6e3f8d98ae61d80d4cf77b00f77f44feb74c3ac3b487215bc7,utf-8,True,,,,,,False,False,0,0,False,,
assets/readme/progress/css-b03f5587c2.svg,1174,2,.svg,SVG,asset,False,065f071f7f6a0e6e3f8d98ae61d80d4cf77b00f77f44feb74c3ac3b487215bc7,utf-8,True,,,,,,False,False,0,0,False,,
assets/readme/progress/css-b8bc638ed6.svg,1174,2,.svg,SVG,asset,False,065f071f7f6a0e6e3f8d98ae61d80d4cf77b00f77f44feb74c3ac3b487215bc7,utf-8,True,,,,,,False,False,0,0,False,,
assets/readme/progress/css-f7795260be.svg,1174,2,.svg,SVG,asset,False,065f071f7f6a0e6e3f8d98ae61d80d4cf77b00f77f44feb74c3ac3b487215bc7,utf-8,True,,,,,,False,False,0,0,False,,
assets/readme/progress/currency-converter-e742522f43.svg,1199,2,.svg,SVG,asset,False,ba3739e443bec43b0c297696460416b1aaf77a6b99a9e3ad411b3bc5f7dd2329,utf-8,True,,,,,,False,False,0,0,False,,
assets/readme/progress/daily-challenge-018a6493ca.svg,1193,2,.svg,SVG,asset,False,4e4240c92b606fc2e01016f9dafa6165adea97b3314eecb731ad31151ee0d0f0,utf-8,True,,,,,,False,False,0,0,False,,
assets/readme/progress/daily-challenge-0c9d6debb5.svg,1193,2,.svg,SVG,asset,False,4e4240c92b606fc2e01016f9dafa6165adea97b3314eecb731ad31151ee0d0f0,utf-8,True,,,,,,False,False,0,0,False,,
assets/readme/progress/daily-challenge-1775891dbf.svg,1193,2,.svg,SVG,asset,False,4e4240c92b606fc2e01016f9dafa6165adea97b3314eecb731ad31151ee0d0f0,utf-8,True,,,,,,False,False,0,0,False,,
assets/readme/progress/daily-challenge-2a427914d9.svg,1193,2,.svg,SVG,asset,False,4e4240c92b606fc2e01016f9dafa6165adea97b3314eecb731ad31151ee0d0f0,utf-8,True,,,,,,False,False,0,0,False,,
assets/readme/progress/daily-challenge-2cdf180191.svg,1193,2,.svg,SVG,asset,False,4e4240c92b606fc2e01016f9dafa6165adea97b3314eecb731ad31151ee0d0f0,utf-8,True,,,,,,False,False,0,0,False,,
assets/readme/progress/daily-challenge-32ffe40364.svg,1193,2,.svg,SVG,asset,False,4e4240c92b606fc2e01016f9dafa6165adea97b3314eecb731ad31151ee0d0f0,utf-8,True,,,,,,False,False,0,0,False,,
assets/readme/progress/daily-challenge-3f6b359663.svg,1193,2,.svg,SVG,asset,False,4e4240c92b606fc2e01016f9dafa6165adea97b3314eecb731ad31151ee0d0f0,utf-8,True,,,,,,False,False,0,0,False,,
assets/readme/progress/daily-challenge-4333e915e1.svg,1193,2,.svg,SVG,asset,False,4e4240c92b606fc2e01016f9dafa6165adea97b3314eecb731ad31151ee0d0f0,utf-8,True,,,,,,False,False,0,0,False,,
assets/readme/progress/daily-challenge-45144ff1a8.svg,1193,2,.svg,SVG,asset,False,4e4240c92b606fc2e01016f9dafa6165adea97b3314eecb731ad31151ee0d0f0,utf-8,True,,,,,,False,False,0,0,False,,
assets/readme/progress/daily-challenge-49107baa6d.svg,1193,2,.svg,SVG,asset,False,4e4240c92b606fc2e01016f9dafa6165adea97b3314eecb731ad31151ee0d0f0,utf-8,True,,,,,,False,False,0,0,False,,
assets/readme/progress/daily-challenge-4d97c0f342.svg,1193,2,.svg,SVG,asset,False,4e4240c92b606fc2e01016f9dafa6165adea97b3314eecb731ad31151ee0d0f0,utf-8,True,,,,,,False,False,0,0,False,,
assets/readme/progress/daily-challenge-4ec75763d5.svg,1193,2,.svg,SVG,asset,False,4e4240c92b606fc2e01016f9dafa6165adea97b3314eecb731ad31151ee0d0f0,utf-8,True,,,,,,False,False,0,0,False,,
assets/readme/progress/daily-challenge-5e54f7f970.svg,1193,2,.svg,SVG,asset,False,4e4240c92b606fc2e01016f9dafa6165adea97b3314eecb731ad31151ee0d0f0,utf-8,True,,,,,,False,False,0,0,False,,
assets/readme/progress/daily-challenge-615fbaa15b.svg,1193,2,.svg,SVG,asset,False,4e4240c92b606fc2e01016f9dafa6165adea97b3314eecb731ad31151ee0d0f0,utf-8,True,,,,,,False,False,0,0,False,,
assets/readme/progress/daily-challenge-86903944ee.svg,1193,2,.svg,SVG,asset,False,4e4240c92b606fc2e01016f9dafa6165adea97b3314eecb731ad31151ee0d0f0,utf-8,True,,,,,,False,False,0,0,False,,
assets/readme/progress/daily-challenge-949a130b07.svg,1193,2,.svg,SVG,asset,False,4e4240c92b606fc2e01016f9dafa6165adea97b3314eecb731ad31151ee0d0f0,utf-8,True,,,,,,False,False,0,0,False,,
assets/readme/progress/daily-challenge-9f38cccc14.svg,1193,2,.svg,SVG,asset,False,4e4240c92b606fc2e01016f9dafa6165adea97b3314eecb731ad31151ee0d0f0,utf-8,True,,,,,,False,False,0,0,False,,
assets/readme/progress/daily-challenge-9f6ac54201.svg,1193,2,.svg,SVG,asset,False,4e4240c92b606fc2e01016f9dafa6165adea97b3314eecb731ad31151ee0d0f0,utf-8,True,,,,,,False,False,0,0,False,,
assets/readme/progress/daily-challenge-a3a1bc2533.svg,1193,2,.svg,SVG,asset,False,4e4240c92b606fc2e01016f9dafa6165adea97b3314eecb731ad31151ee0d0f0,utf-8,True,,,,,,False,False,0,0,False,,
assets/readme/progress/daily-challenge-b452743c13.svg,1193,2,.svg,SVG,asset,False,4e4240c92b606fc2e01016f9dafa6165adea97b3314eecb731ad31151ee0d0f0,utf-8,True,,,,,,False,False,0,0,False,,
assets/readme/progress/daily-challenge-bb6a88341d.svg,1193,2,.svg,SVG,asset,False,4e4240c92b606fc2e01016f9dafa6165adea97b3314eecb731ad31151ee0d0f0,utf-8,True,,,,,,False,False,0,0,False,,
assets/readme/progress/daily-challenge-c87ad54043.svg,1193,2,.svg,SVG,asset,False,4e4240c92b606fc2e01016f9dafa6165adea97b3314eecb731ad31151ee0d0f0,utf-8,True,,,,,,False,False,0,0,False,,
assets/readme/progress/daily-challenge-dd0d57f83c.svg,1193,2,.svg,SVG,asset,False,4e4240c92b606fc2e01016f9dafa6165adea97b3314eecb731ad31151ee0d0f0,utf-8,True,,,,,,False,False,0,0,False,,
assets/readme/progress/daily-challenge-f96753fac0.svg,1193,2,.svg,SVG,asset,False,4e4240c92b606fc2e01016f9dafa6165adea97b3314eecb731ad31151ee0d0f0,utf-8,True,,,,,,False,False,0,0,False,,
assets/readme/progress/daily-challenge-fd8e7677ef.svg,1195,2,.svg,SVG,asset,False,8b726ead3516bf3923118779d181c81cdd3d65e1c2b3668365d62a148facb8c6,utf-8,True,,,,,,False,False,0,0,False,,
assets/readme/progress/daily-challenge-not-bad-d1c834c9ea.svg,1209,2,.svg,SVG,asset,False,84a4c89e5f9fb1f5e8c8da08262557cd0165d1ef42613c8fa9052326c2021611,utf-8,True,,,,,,False,False,0,0,False,,
assets/readme/progress/daily-challenge-planets-bcd2f51b89.svg,1209,2,.svg,SVG,asset,False,0d380a66e86900376068f8ca1ec445af0b86abd8b18601953c1122e63fbff149,utf-8,True,,,,,,False,False,0,0,False,,
assets/readme/progress/daily-challenge-stars-45167b388e.svg,1205,2,.svg,SVG,asset,False,0f00533bdd4398441ea0111fd68c366fbaec3e02f076967b7dac1091d6022028,utf-8,True,,,,,,False,False,0,0,False,,
assets/readme/progress/day1-advanced-array-methods-316a98efce.svg,1217,2,.svg,SVG,asset,False,5f99a10b964b7d8ec34ef15fc69eb8a4fbbce3256b6d9822f61d07d4453a9d18,utf-8,True,,,,,,False,False,0,0,False,,
assets/readme/progress/day1-introduction-to-databases-31fe17d428.svg,1223,2,.svg,SVG,asset,False,67e1bbc7aec123cb8535bf07ab4f88c3082b2e4cf0d682ff0b05c2a312d3d345,utf-8,True,,,,,,False,False,0,0,False,,
assets/readme/progress/day1-introductionto-java-script-064c40b384.svg,1225,2,.svg,SVG,asset,False,49a133a1705b67d19008affdf205449127157dc5148a901e659c33460edadb94,utf-8,True,,,,,,False,False,0,0,False,,
assets/readme/progress/day1-introductionto-oop-a75d18f2da.svg,1209,2,.svg,SVG,asset,False,cbf9c26cb2a6b12391b707bde5d78a42dc041aa7cc1e56f1f06f7bc36f0ffb4e,utf-8,True,,,,,,False,False,0,0,False,,
assets/readme/progress/day1-mini-project-4b1ea8ce2f.svg,1197,2,.svg,SVG,asset,False,4e78f36fd4d7afbeacbbe0bde2663e6a393593e8881cad29d5b07afe38ec09d9,utf-8,True,,,,,,False,False,0,0,False,,
assets/readme/progress/day1-startingwith-python-f31146b1b8.svg,1211,2,.svg,SVG,asset,False,aa194ade444fca736d967ef53664d2eb77fdae9b34f01d7791d591331b571584,utf-8,True,,,,,,False,False,0,0,False,,
assets/readme/progress/day2-advanced-object-methods-d570f38596.svg,1219,2,.svg,SVG,asset,False,66f9633949d5540a8da1d30097fe92836f4e491a98d630dd172ae4d60dcfb791,utf-8,True,,,,,,False,False,0,0,False,,
assets/readme/progress/day2-database-concepts1-4ca9e45544.svg,1209,2,.svg,SVG,asset,False,ea5bc57b7cbba1e201c15459890729f6999259d84cd8932bedbd36bf4b6b58f1,utf-8,True,,,,,,False,False,0,0,False,,
assets/readme/progress/day2-functionsand-domintroduction-9ce7dce0f9.svg,1229,2,.svg,SVG,asset,False,e6ebd00c37e5f3b3aa5d2a216fac3ebf05f40c3d0b60df77c5ba7317054e3dc2,utf-8,True,,,,,,False,False,0,0,False,,
assets/readme/progress/day2-introduction-to-type-script-and-key-concepts-31f5d2e0cb.svg,1261,2,.svg,SVG,asset,False,e2218f937e62f581a0a5853b3ebacd88b0c6c1aaf6b597be0caf9a13e311c305,utf-8,True,,,,,,False,False,0,0,False,,
assets/readme/progress/day2-lists-iterating-and-formatting-data-540ca92ecb.svg,1243,2,.svg,SVG,asset,False,0e338a3082bbfa50dddeb1e14128d3c2883ea3ff142196717c9b3b752d98456d,utf-8,True,,,,,,False,False,0,0,False,,
assets/readme/progress/day2-oopinheritance-encapsulation-polymorphism-6270e8dcad.svg,1255,2,.svg,SVG,asset,False,d91779196ead87517089ceebb50daa9ed2063907e6e727a819b61c22a5114ec4,utf-8,True,,,,,,False,False,0,0,False,,
assets/readme/progress/day3-advanced-type-script-concepts-and-applications-267bd1f677.svg,1265,2,.svg,SVG,asset,False,170acfb238ec49afdc1619ffdd909d0e6312eb09972492536776ac04dc9d7cb5,utf-8,True,,,,,,False,False,0,0,False,,
assets/readme/progress/day3-database-concepts2-0385ef767f.svg,1209,2,.svg,SVG,asset,False,575a3976a905bafa01f0a6cf21f9313d7930018e19d766f275076836542813f0,utf-8,True,,,,,,False,False,0,0,False,,
assets/readme/progress/day3-dictionaries-47ad664c02.svg,1197,2,.svg,SVG,asset,False,d4300519841ae0b9ea6b8213a14cf2bad8eebee1edab068d6ae88e4de5c60f63,utf-8,True,,,,,,False,False,0,0,False,,
assets/readme/progress/day3-httpand-form-method-getand-post-2713582506.svg,1235,2,.svg,SVG,asset,False,bbb1ac44897bf4a33930181f658921e3ba0d6e150da2eccee53acda0735d55ad,utf-8,True,,,,,,False,False,0,0,False,,
assets/readme/progress/day3-learning-domevents-4cb3533c47.svg,1209,2,.svg,SVG,asset,False,315ac61b2e4768d6c0d7b19d71c24730cbcec4f2a9d7779048ef185e9ddf965a,utf-8,True,,,,,,False,False,0,0,False,,
assets/readme/progress/day3-oopand-modules-61faf7cdb6.svg,1201,2,.svg,SVG,asset,False,69e9097f86eacf28de37dde2e8b0b412aac417d8b559601e640b4df727615272,utf-8,True,,,,,,False,False,0,0,False,,
assets/readme/progress/day4-advanced-java-script-functions-82540e4dfe.svg,1233,2,.svg,SVG,asset,False,eb8295fc7e03e3899684b8e951adccc595b60ae87a31bfce979a3c03a8d675a4,utf-8,True,,,,,,False,False,0,0,False,,
assets/readme/progress/day4-advanced-type-script-concepts-and-applications-6d05218bc6.svg,1265,2,.svg,SVG,asset,False,b08078ad1ae7f6f9484ec95711198ec10561a9eecce6dce1030d8f094ea7e8e2,utf-8,True,,,,,,False,False,0,0,False,,
assets/readme/progress/day4-asynchronous-java-script-9c01035c87.svg,1221,2,.svg,SVG,asset,False,52d6108a8b629ed087e3a3d070dc76997f5aadddee0f1fb1911344f91313c930,utf-8,True,,,,,,False,False,0,0,False,,
assets/readme/progress/day4-functions-e1dfe1f6c2.svg,1191,2,.svg,SVG,asset,False,56f0c2cc628d9c12a559f8a235223a7bd4abbcac8fbb943fa44dc3f983171bcb,utf-8,True,,,,,,False,False,0,0,False,,
assets/readme/progress/day4-nodejs-introduction-7683b54a25.svg,1211,2,.svg,SVG,asset,False,5979beb8ac89efaf37761ce6c81699ea84a27cdb560565aa99fb2943f2a4c27f,utf-8,True,,,,,,False,False,0,0,False,,
assets/readme/progress/day4-python-file-iojsonand-api-f45fc61397.svg,1223,2,.svg,SVG,asset,False,9dc350e89d6a5b6d54c8b0699b52c7552aa42a07dc070536cb138ae38ef501f1,utf-8,True,,,,,,False,False,0,0,False,,
assets/readme/progress/day5-fetch-and-async-await-8ba3460747.svg,1215,2,.svg,SVG,asset,False,bf31aeea0a62fbfd9aa2bd0addf08521538f813840ab18329463e687203a2b47,utf-8,True,,,,,,False,False,0,0,False,,
assets/readme/progress/day5-mini-project-85eec3f012.svg,1197,2,.svg,SVG,asset,False,da3b516c6a210e0ccaf424f6ad23440c975151d80f7fb93f99f7e4aec05f3886,utf-8,True,,,,,,False,False,0,0,False,,
assets/readme/progress/day5-mini-project-a3284c88c2.svg,1197,2,.svg,SVG,asset,False,da3b516c6a210e0ccaf424f6ad23440c975151d80f7fb93f99f7e4aec05f3886,utf-8,True,,,,,,False,False,0,0,False,,
assets/readme/progress/day5-mini-project-e4f4b5beef.svg,1199,2,.svg,SVG,asset,False,b8c8c670a90f434d90323e1f438c39c0fe8d5e42b5deb06a1631904ec095186e,utf-8,True,,,,,,False,False,0,0,False,,
assets/readme/progress/dictionaries-9a26300e0f.svg,1187,2,.svg,SVG,asset,False,39f027c32b77def55d1c4c8338673bfd4c22775ad33ed084aedc4f00a8394423,utf-8,True,,,,,,False,False,0,0,False,,
assets/readme/progress/drumset-mini-613bae1cac.svg,1187,2,.svg,SVG,asset,False,f0a24c9974fe31ed691ad7b91916f559102d31292f8833e987258f408f340fbd,utf-8,True,,,,,,False,False,0,0,False,,
assets/readme/progress/exercise-1-commonjs-products-8faee08461.svg,1219,2,.svg,SVG,asset,False,105d7f785535ed090aae7d64461140ce837b56ba420506b8e696e324e953f53e,utf-8,True,,,,,,False,False,0,0,False,,
assets/readme/progress/exercise-2-esm-average-age-c4dc30ec36.svg,1215,2,.svg,SVG,asset,False,76d9f623d0e1bd23652c324b5408edb46353f01ea4e6b0221d75aec4676fdb0f,utf-8,True,,,,,,False,False,0,0,False,,
assets/readme/progress/exercise-3-file-manager-commonjs-d81ac35c81.svg,1227,2,.svg,SVG,asset,False,ab6262b7f79c495700e524903f35cb867ba9eb4f253fa5da18c441bf99b4b997,utf-8,True,,,,,,False,False,0,0,False,,
assets/readme/progress/exercise-4-esm-todo-8d35444102.svg,1201,2,.svg,SVG,asset,False,564b11f9987b07fff8820867000201fa3d200c1113a7e95aa445ce908bdaef20,utf-8,True,,,,,,False,False,2,0,False,,
assets/readme/progress/exercise-5-math-app-f52754e467.svg,1201,2,.svg,SVG,asset,False,e33b66018c4253d21f6a695909f3820e4d90396f6b33fee1a88d219337a20e0e,utf-8,True,,,,,,False,False,0,0,False,,
assets/readme/progress/exercise-6-npm-beginner-chalk-0023adb1dd.svg,1221,2,.svg,SVG,asset,False,af43d82643f472078ae0f5be3345d3d0183acd558f5f9310341c8c2789149d8e,utf-8,True,,,,,,False,False,0,0,False,,
assets/readme/progress/exercise-7-file-explorer-cd77af1da3.svg,1211,2,.svg,SVG,asset,False,aa50439761c07b1224d587aa4fefdb97a8822a020f269237506d4197dbe69966,utf-8,True,,,,,,False,False,0,0,False,,
assets/readme/progress/exercise1-timer-2c9c28cd61.svg,1193,2,.svg,SVG,asset,False,36607030af749d169cd47a9675057939cdfb1678c0fd270c9cfab2c080a35669,utf-8,True,,,,,,False,False,0,0,False,,
assets/readme/progress/exercise1-todo-6cbda756ce.svg,1191,2,.svg,SVG,asset,False,f1d40bd33eed917c1bc1f5eda80fadcba1b424ed2303bb3be60a91a172606aa1,utf-8,True,,,,,,False,False,2,0,False,,
assets/readme/progress/exercise2-color-guess-373f060e80.svg,1205,2,.svg,SVG,asset,False,096e35df5feb7ef9180832f51fc38febd1698822bc1400be66829faa4469c516,utf-8,True,,,,,,False,False,0,0,False,,
assets/readme/progress/exercise2-move-box-209d23ba9d.svg,1199,2,.svg,SVG,asset,False,be3f6bdc816f3bcb506d19b5ae6eb60d58b287f4ca9c609319a5427746e70c2e,utf-8,True,,,,,,False,False,0,0,False,,
assets/readme/progress/exercise3-calculator-3705d63715.svg,1203,2,.svg,SVG,asset,False,1bb297c2e4c29a98c612a452309c0b0816c037a42d5f0b29a044594002c458d7,utf-8,True,,,,,,False,False,0,0,False,,
assets/readme/progress/exercise3-drag-drop-5279c0a41a.svg,1201,2,.svg,SVG,asset,False,41bba81e2bb5fa51db373a9b78593d61d5e3b19f7d4ace118765390dce1bcfb4,utf-8,True,,,,,,False,False,0,0,False,,
assets/readme/progress/exercise4-whack-a-mole-e543b0681c.svg,1207,2,.svg,SVG,asset,False,107c5171869d4c7091f76893e5a281aa25200db4e3d472c0707c1c4d1178ebd4,utf-8,True,,,,,,False,False,0,0,False,,
assets/readme/progress/exercises-013efdcf2d.svg,1181,2,.svg,SVG,asset,False,483529b14b80ec5491d7499e77906afb13ee2f1d2703b1d9f91c09ace4b27587,utf-8,True,,,,,,False,False,0,0,False,,
assets/readme/progress/exercises-10b2fec59d.svg,1181,2,.svg,SVG,asset,False,483529b14b80ec5491d7499e77906afb13ee2f1d2703b1d9f91c09ace4b27587,utf-8,True,,,,,,False,False,0,0,False,,
assets/readme/progress/exercises-136a7c3350.svg,1181,2,.svg,SVG,asset,False,483529b14b80ec5491d7499e77906afb13ee2f1d2703b1d9f91c09ace4b27587,utf-8,True,,,,,,False,False,0,0,False,,
assets/readme/progress/exercises-15c36a68b9.svg,1181,2,.svg,SVG,asset,False,483529b14b80ec5491d7499e77906afb13ee2f1d2703b1d9f91c09ace4b27587,utf-8,True,,,,,,False,False,0,0,False,,
assets/readme/progress/exercises-1e195418da.svg,1181,2,.svg,SVG,asset,False,483529b14b80ec5491d7499e77906afb13ee2f1d2703b1d9f91c09ace4b27587,utf-8,True,,,,,,False,False,0,0,False,,
assets/readme/progress/exercises-29f935b30a.svg,1181,2,.svg,SVG,asset,False,483529b14b80ec5491d7499e77906afb13ee2f1d2703b1d9f91c09ace4b27587,utf-8,True,,,,,,False,False,0,0,False,,
assets/readme/progress/exercises-2c52a77d12.svg,1181,2,.svg,SVG,asset,False,483529b14b80ec5491d7499e77906afb13ee2f1d2703b1d9f91c09ace4b27587,utf-8,True,,,,,,False,False,0,0,False,,
assets/readme/progress/exercises-318fde73fb.svg,1181,2,.svg,SVG,asset,False,483529b14b80ec5491d7499e77906afb13ee2f1d2703b1d9f91c09ace4b27587,utf-8,True,,,,,,False,False,0,0,False,,
assets/readme/progress/exercises-3cc599f444.svg,1181,2,.svg,SVG,asset,False,483529b14b80ec5491d7499e77906afb13ee2f1d2703b1d9f91c09ace4b27587,utf-8,True,,,,,,False,False,0,0,False,,
assets/readme/progress/exercises-4b04468b55.svg,1181,2,.svg,SVG,asset,False,483529b14b80ec5491d7499e77906afb13ee2f1d2703b1d9f91c09ace4b27587,utf-8,True,,,,,,False,False,0,0,False,,
assets/readme/progress/exercises-515cf517b9.svg,1181,2,.svg,SVG,asset,False,483529b14b80ec5491d7499e77906afb13ee2f1d2703b1d9f91c09ace4b27587,utf-8,True,,,,,,False,False,0,0,False,,
assets/readme/progress/exercises-541abc19d4.svg,1181,2,.svg,SVG,asset,False,483529b14b80ec5491d7499e77906afb13ee2f1d2703b1d9f91c09ace4b27587,utf-8,True,,,,,,False,False,0,0,False,,
assets/readme/progress/exercises-58c48947a8.svg,1181,2,.svg,SVG,asset,False,483529b14b80ec5491d7499e77906afb13ee2f1d2703b1d9f91c09ace4b27587,utf-8,True,,,,,,False,False,0,0,False,,
assets/readme/progress/exercises-5f6ca5f0a2.svg,1181,2,.svg,SVG,asset,False,483529b14b80ec5491d7499e77906afb13ee2f1d2703b1d9f91c09ace4b27587,utf-8,True,,,,,,False,False,0,0,False,,
assets/readme/progress/exercises-6b1d3135e0.svg,1181,2,.svg,SVG,asset,False,483529b14b80ec5491d7499e77906afb13ee2f1d2703b1d9f91c09ace4b27587,utf-8,True,,,,,,False,False,0,0,False,,
assets/readme/progress/exercises-6fec33e4a2.svg,1181,2,.svg,SVG,asset,False,483529b14b80ec5491d7499e77906afb13ee2f1d2703b1d9f91c09ace4b27587,utf-8,True,,,,,,False,False,0,0,False,,
assets/readme/progress/exercises-7406e762a7.svg,1181,2,.svg,SVG,asset,False,483529b14b80ec5491d7499e77906afb13ee2f1d2703b1d9f91c09ace4b27587,utf-8,True,,,,,,False,False,0,0,False,,
assets/readme/progress/exercises-76f38e54e8.svg,1181,2,.svg,SVG,asset,False,483529b14b80ec5491d7499e77906afb13ee2f1d2703b1d9f91c09ace4b27587,utf-8,True,,,,,,False,False,0,0,False,,
assets/readme/progress/exercises-7dc34bb02f.svg,1181,2,.svg,SVG,asset,False,483529b14b80ec5491d7499e77906afb13ee2f1d2703b1d9f91c09ace4b27587,utf-8,True,,,,,,False,False,0,0,False,,
assets/readme/progress/exercises-a0afe33b68.svg,1181,2,.svg,SVG,asset,False,483529b14b80ec5491d7499e77906afb13ee2f1d2703b1d9f91c09ace4b27587,utf-8,True,,,,,,False,False,0,0,False,,
assets/readme/progress/exercises-af23fb8edb.svg,1181,2,.svg,SVG,asset,False,483529b14b80ec5491d7499e77906afb13ee2f1d2703b1d9f91c09ace4b27587,utf-8,True,,,,,,False,False,0,0,False,,
assets/readme/progress/exercises-b6d01892a3.svg,1181,2,.svg,SVG,asset,False,483529b14b80ec5491d7499e77906afb13ee2f1d2703b1d9f91c09ace4b27587,utf-8,True,,,,,,False,False,0,0,False,,
assets/readme/progress/exercises-b7e55cb206.svg,1181,2,.svg,SVG,asset,False,483529b14b80ec5491d7499e77906afb13ee2f1d2703b1d9f91c09ace4b27587,utf-8,True,,,,,,False,False,0,0,False,,
assets/readme/progress/exercises-c5f1b36006.svg,1181,2,.svg,SVG,asset,False,483529b14b80ec5491d7499e77906afb13ee2f1d2703b1d9f91c09ace4b27587,utf-8,True,,,,,,False,False,0,0,False,,
assets/readme/progress/exercises-d770efceb3.svg,1181,2,.svg,SVG,asset,False,483529b14b80ec5491d7499e77906afb13ee2f1d2703b1d9f91c09ace4b27587,utf-8,True,,,,,,False,False,0,0,False,,
assets/readme/progress/exercises-d8d907b463.svg,1181,2,.svg,SVG,asset,False,483529b14b80ec5491d7499e77906afb13ee2f1d2703b1d9f91c09ace4b27587,utf-8,True,,,,,,False,False,0,0,False,,
assets/readme/progress/exercises-dad60e9f33.svg,1181,2,.svg,SVG,asset,False,483529b14b80ec5491d7499e77906afb13ee2f1d2703b1d9f91c09ace4b27587,utf-8,True,,,,,,False,False,0,0,False,,
assets/readme/progress/exercises-e2ea16a216.svg,1181,2,.svg,SVG,asset,False,483529b14b80ec5491d7499e77906afb13ee2f1d2703b1d9f91c09ace4b27587,utf-8,True,,,,,,False,False,0,0,False,,
assets/readme/progress/exercises-f88932dca5.svg,1181,2,.svg,SVG,asset,False,483529b14b80ec5491d7499e77906afb13ee2f1d2703b1d9f91c09ace4b27587,utf-8,True,,,,,,False,False,0,0,False,,
assets/readme/progress/exercises-fa5e90116e.svg,1181,2,.svg,SVG,asset,False,483529b14b80ec5491d7499e77906afb13ee2f1d2703b1d9f91c09ace4b27587,utf-8,True,,,,,,False,False,0,0,False,,
assets/readme/progress/exercises-xp-01b16c7b23.svg,1187,2,.svg,SVG,asset,False,c33d86ee88bcd1ddb1ecdcfba7b7f5df948dadfe68a9f546ee0696e8f406dccb,utf-8,True,,,,,,False,False,0,0,False,,
assets/readme/progress/exercises-xp-0ff82fe9a6.svg,1187,2,.svg,SVG,asset,False,c33d86ee88bcd1ddb1ecdcfba7b7f5df948dadfe68a9f546ee0696e8f406dccb,utf-8,True,,,,,,False,False,0,0,False,,
assets/readme/progress/exercises-xp-1913cdd331.svg,1187,2,.svg,SVG,asset,False,c33d86ee88bcd1ddb1ecdcfba7b7f5df948dadfe68a9f546ee0696e8f406dccb,utf-8,True,,,,,,False,False,0,0,False,,
assets/readme/progress/exercises-xp-19dd687672.svg,1187,2,.svg,SVG,asset,False,c33d86ee88bcd1ddb1ecdcfba7b7f5df948dadfe68a9f546ee0696e8f406dccb,utf-8,True,,,,,,False,False,0,0,False,,
assets/readme/progress/exercises-xp-200dd1c988.svg,1187,2,.svg,SVG,asset,False,c33d86ee88bcd1ddb1ecdcfba7b7f5df948dadfe68a9f546ee0696e8f406dccb,utf-8,True,,,,,,False,False,0,0,False,,
assets/readme/progress/exercises-xp-20e9111fdc.svg,1187,2,.svg,SVG,asset,False,c33d86ee88bcd1ddb1ecdcfba7b7f5df948dadfe68a9f546ee0696e8f406dccb,utf-8,True,,,,,,False,False,0,0,False,,
assets/readme/progress/exercises-xp-26b89bf1e6.svg,1187,2,.svg,SVG,asset,False,c33d86ee88bcd1ddb1ecdcfba7b7f5df948dadfe68a9f546ee0696e8f406dccb,utf-8,True,,,,,,False,False,0,0,False,,
assets/readme/progress/exercises-xp-285afc1699.svg,1187,2,.svg,SVG,asset,False,c33d86ee88bcd1ddb1ecdcfba7b7f5df948dadfe68a9f546ee0696e8f406dccb,utf-8,True,,,,,,False,False,0,0,False,,
assets/readme/progress/exercises-xp-2d5251840f.svg,1187,2,.svg,SVG,asset,False,c33d86ee88bcd1ddb1ecdcfba7b7f5df948dadfe68a9f546ee0696e8f406dccb,utf-8,True,,,,,,False,False,0,0,False,,
assets/readme/progress/exercises-xp-337d5c9753.svg,1187,2,.svg,SVG,asset,False,c33d86ee88bcd1ddb1ecdcfba7b7f5df948dadfe68a9f546ee0696e8f406dccb,utf-8,True,,,,,,False,False,0,0,False,,
assets/readme/progress/exercises-xp-33f9f32714.svg,1187,2,.svg,SVG,asset,False,c33d86ee88bcd1ddb1ecdcfba7b7f5df948dadfe68a9f546ee0696e8f406dccb,utf-8,True,,,,,,False,False,0,0,False,,
assets/readme/progress/exercises-xp-44a220fa48.svg,1187,2,.svg,SVG,asset,False,c33d86ee88bcd1ddb1ecdcfba7b7f5df948dadfe68a9f546ee0696e8f406dccb,utf-8,True,,,,,,False,False,0,0,False,,
assets/readme/progress/exercises-xp-4b75acb0a5.svg,1187,2,.svg,SVG,asset,False,c33d86ee88bcd1ddb1ecdcfba7b7f5df948dadfe68a9f546ee0696e8f406dccb,utf-8,True,,,,,,False,False,0,0,False,,
assets/readme/progress/exercises-xp-6babf4344d.svg,1187,2,.svg,SVG,asset,False,c33d86ee88bcd1ddb1ecdcfba7b7f5df948dadfe68a9f546ee0696e8f406dccb,utf-8,True,,,,,,False,False,0,0,False,,
assets/readme/progress/exercises-xp-7736123bb3.svg,1187,2,.svg,SVG,asset,False,c33d86ee88bcd1ddb1ecdcfba7b7f5df948dadfe68a9f546ee0696e8f406dccb,utf-8,True,,,,,,False,False,0,0,False,,
assets/readme/progress/exercises-xp-773fa7fe22.svg,1187,2,.svg,SVG,asset,False,c33d86ee88bcd1ddb1ecdcfba7b7f5df948dadfe68a9f546ee0696e8f406dccb,utf-8,True,,,,,,False,False,0,0,False,,
assets/readme/progress/exercises-xp-80340752f0.svg,1187,2,.svg,SVG,asset,False,c33d86ee88bcd1ddb1ecdcfba7b7f5df948dadfe68a9f546ee0696e8f406dccb,utf-8,True,,,,,,False,False,0,0,False,,
assets/readme/progress/exercises-xp-a81d7fbf59.svg,1187,2,.svg,SVG,asset,False,c33d86ee88bcd1ddb1ecdcfba7b7f5df948dadfe68a9f546ee0696e8f406dccb,utf-8,True,,,,,,False,False,0,0,False,,
assets/readme/progress/exercises-xp-ae3b3197a6.svg,1187,2,.svg,SVG,asset,False,c33d86ee88bcd1ddb1ecdcfba7b7f5df948dadfe68a9f546ee0696e8f406dccb,utf-8,True,,,,,,False,False,0,0,False,,
assets/readme/progress/exercises-xp-b86ef38f1a.svg,1187,2,.svg,SVG,asset,False,c33d86ee88bcd1ddb1ecdcfba7b7f5df948dadfe68a9f546ee0696e8f406dccb,utf-8,True,,,,,,False,False,0,0,False,,
assets/readme/progress/exercises-xp-d1fe555080.svg,1187,2,.svg,SVG,asset,False,c33d86ee88bcd1ddb1ecdcfba7b7f5df948dadfe68a9f546ee0696e8f406dccb,utf-8,True,,,,,,False,False,0,0,False,,
assets/readme/progress/exercises-xp-e8ff4d5aaf.svg,1187,2,.svg,SVG,asset,False,c33d86ee88bcd1ddb1ecdcfba7b7f5df948dadfe68a9f546ee0696e8f406dccb,utf-8,True,,,,,,False,False,0,0,False,,
assets/readme/progress/exercises-xp-f1817611e4.svg,1187,2,.svg,SVG,asset,False,c33d86ee88bcd1ddb1ecdcfba7b7f5df948dadfe68a9f546ee0696e8f406dccb,utf-8,True,,,,,,False,False,0,0,False,,
assets/readme/progress/exercises-xp-fbf0813a52.svg,1187,2,.svg,SVG,asset,False,c33d86ee88bcd1ddb1ecdcfba7b7f5df948dadfe68a9f546ee0696e8f406dccb,utf-8,True,,,,,,False,False,0,0,False,,
assets/readme/progress/exercises-xp1-6a9e6acad2.svg,1189,2,.svg,SVG,asset,False,446d1e71bc6481d85c763cd87e9141b7a41e1359a223926ad4dd6932d69dcc7d,utf-8,True,,,,,,False,False,0,0,False,,
assets/readme/progress/exercises-xp2-c93a4cd711.svg,1189,2,.svg,SVG,asset,False,3404901b9e27f656e35748f5d635cade7f6cf37cdf937b28a040cf5cbfcad988,utf-8,True,,,,,,False,False,0,0,False,,
assets/readme/progress/exercises-xpanimations-b19d556380.svg,1207,2,.svg,SVG,asset,False,2591254a03ae483eb264d2c04001683ff836fa767f118324b79f13be01c2b5ff,utf-8,True,,,,,,False,False,0,0,False,,
assets/readme/progress/exercises-xpgold-02be91889d.svg,1195,2,.svg,SVG,asset,False,8f691468a799b432712f99a92dd60d3fba3e61cb0e3ba7e2cc6556be8dd02c5a,utf-8,True,,,,,,False,False,0,0,False,,
assets/readme/progress/exercises-xpgold-0aa5d263c3.svg,1195,2,.svg,SVG,asset,False,8f691468a799b432712f99a92dd60d3fba3e61cb0e3ba7e2cc6556be8dd02c5a,utf-8,True,,,,,,False,False,0,0,False,,
assets/readme/progress/exercises-xpgold-1439b84fab.svg,1195,2,.svg,SVG,asset,False,8f691468a799b432712f99a92dd60d3fba3e61cb0e3ba7e2cc6556be8dd02c5a,utf-8,True,,,,,,False,False,0,0,False,,
assets/readme/progress/exercises-xpgold-29cf741779.svg,1195,2,.svg,SVG,asset,False,8f691468a799b432712f99a92dd60d3fba3e61cb0e3ba7e2cc6556be8dd02c5a,utf-8,True,,,,,,False,False,0,0,False,,
assets/readme/progress/exercises-xpgold-4e2fb61e02.svg,1195,2,.svg,SVG,asset,False,8f691468a799b432712f99a92dd60d3fba3e61cb0e3ba7e2cc6556be8dd02c5a,utf-8,True,,,,,,False,False,0,0,False,,
assets/readme/progress/exercises-xpgold-58bc95ca32.svg,1195,2,.svg,SVG,asset,False,8f691468a799b432712f99a92dd60d3fba3e61cb0e3ba7e2cc6556be8dd02c5a,utf-8,True,,,,,,False,False,0,0,False,,
assets/readme/progress/exercises-xpgold-84145eca48.svg,1195,2,.svg,SVG,asset,False,8f691468a799b432712f99a92dd60d3fba3e61cb0e3ba7e2cc6556be8dd02c5a,utf-8,True,,,,,,False,False,0,0,False,,
assets/readme/progress/exercises-xpgold-8f60c9c51e.svg,1195,2,.svg,SVG,asset,False,8f691468a799b432712f99a92dd60d3fba3e61cb0e3ba7e2cc6556be8dd02c5a,utf-8,True,,,,,,False,False,0,0,False,,
assets/readme/progress/exercises-xpgold-933866d3e0.svg,1195,2,.svg,SVG,asset,False,8f691468a799b432712f99a92dd60d3fba3e61cb0e3ba7e2cc6556be8dd02c5a,utf-8,True,,,,,,False,False,0,0,False,,
assets/readme/progress/exercises-xpgold-a6b0421da4.svg,1195,2,.svg,SVG,asset,False,8f691468a799b432712f99a92dd60d3fba3e61cb0e3ba7e2cc6556be8dd02c5a,utf-8,True,,,,,,False,False,0,0,False,,
assets/readme/progress/exercises-xpgold-d14a8c80ec.svg,1195,2,.svg,SVG,asset,False,8f691468a799b432712f99a92dd60d3fba3e61cb0e3ba7e2cc6556be8dd02c5a,utf-8,True,,,,,,False,False,0,0,False,,
assets/readme/progress/exercises-xpgold-dd00d1c574.svg,1195,2,.svg,SVG,asset,False,8f691468a799b432712f99a92dd60d3fba3e61cb0e3ba7e2cc6556be8dd02c5a,utf-8,True,,,,,,False,False,0,0,False,,
assets/readme/progress/exercises-xpgold-dfd74631c0.svg,1195,2,.svg,SVG,asset,False,8f691468a799b432712f99a92dd60d3fba3e61cb0e3ba7e2cc6556be8dd02c5a,utf-8,True,,,,,,False,False,0,0,False,,
assets/readme/progress/exercises-xpgold-e35a4208fd.svg,1195,2,.svg,SVG,asset,False,8f691468a799b432712f99a92dd60d3fba3e61cb0e3ba7e2cc6556be8dd02c5a,utf-8,True,,,,,,False,False,0,0,False,,
assets/readme/progress/exercises-xpgold-efcef6b89a.svg,1195,2,.svg,SVG,asset,False,8f691468a799b432712f99a92dd60d3fba3e61cb0e3ba7e2cc6556be8dd02c5a,utf-8,True,,,,,,False,False,0,0,False,,
assets/readme/progress/exercises-xpgold-f1d06e9641.svg,1195,2,.svg,SVG,asset,False,8f691468a799b432712f99a92dd60d3fba3e61cb0e3ba7e2cc6556be8dd02c5a,utf-8,True,,,,,,False,False,0,0,False,,
assets/readme/progress/exercises-xpgold-f50d6cc9c3.svg,1195,2,.svg,SVG,asset,False,8f691468a799b432712f99a92dd60d3fba3e61cb0e3ba7e2cc6556be8dd02c5a,utf-8,True,,,,,,False,False,0,0,False,,
assets/readme/progress/exercises-xpgold2-0a6e7b392d.svg,1197,2,.svg,SVG,asset,False,9f0a9ec7bef3800f1b288a170c18042b350b1e1d686e9a9a2c8ab4654d98f6fd,utf-8,True,,,,,,False,False,0,0,False,,
assets/readme/progress/exercises-xpninja-0250e546b7.svg,1197,2,.svg,SVG,asset,False,ea4ef5917eb8adb39056dfdac0f704e9c763cdd4470c5fcefbad315874d3c6b1,utf-8,True,,,,,,False,False,0,0,False,,
assets/readme/progress/exercises-xpninja-18b57686e3.svg,1197,2,.svg,SVG,asset,False,ea4ef5917eb8adb39056dfdac0f704e9c763cdd4470c5fcefbad315874d3c6b1,utf-8,True,,,,,,False,False,0,0,False,,
assets/readme/progress/exercises-xpninja-1c47617020.svg,1197,2,.svg,SVG,asset,False,ea4ef5917eb8adb39056dfdac0f704e9c763cdd4470c5fcefbad315874d3c6b1,utf-8,True,,,,,,False,False,0,0,False,,
assets/readme/progress/exercises-xpninja-3644039a9f.svg,1197,2,.svg,SVG,asset,False,ea4ef5917eb8adb39056dfdac0f704e9c763cdd4470c5fcefbad315874d3c6b1,utf-8,True,,,,,,False,False,0,0,False,,
assets/readme/progress/exercises-xpninja-5c88e8c55d.svg,1197,2,.svg,SVG,asset,False,ea4ef5917eb8adb39056dfdac0f704e9c763cdd4470c5fcefbad315874d3c6b1,utf-8,True,,,,,,False,False,0,0,False,,
assets/readme/progress/exercises-xpninja-60b62c5837.svg,1197,2,.svg,SVG,asset,False,ea4ef5917eb8adb39056dfdac0f704e9c763cdd4470c5fcefbad315874d3c6b1,utf-8,True,,,,,,False,False,0,0,False,,
assets/readme/progress/exercises-xpninja-6ee560a90f.svg,1197,2,.svg,SVG,asset,False,ea4ef5917eb8adb39056dfdac0f704e9c763cdd4470c5fcefbad315874d3c6b1,utf-8,True,,,,,,False,False,0,0,False,,
assets/readme/progress/exercises-xpninja-a856c80b40.svg,1197,2,.svg,SVG,asset,False,ea4ef5917eb8adb39056dfdac0f704e9c763cdd4470c5fcefbad315874d3c6b1,utf-8,True,,,,,,False,False,0,0,False,,
assets/readme/progress/exercises-xpninja-c55cdcf506.svg,1197,2,.svg,SVG,asset,False,ea4ef5917eb8adb39056dfdac0f704e9c763cdd4470c5fcefbad315874d3c6b1,utf-8,True,,,,,,False,False,0,0,False,,
assets/readme/progress/exercises-xpninja-c8db0eb93d.svg,1197,2,.svg,SVG,asset,False,ea4ef5917eb8adb39056dfdac0f704e9c763cdd4470c5fcefbad315874d3c6b1,utf-8,True,,,,,,False,False,0,0,False,,
assets/readme/progress/exercises-xpninja-cdf5889bed.svg,1197,2,.svg,SVG,asset,False,ea4ef5917eb8adb39056dfdac0f704e9c763cdd4470c5fcefbad315874d3c6b1,utf-8,True,,,,,,False,False,0,0,False,,
assets/readme/progress/exercises-xpninja-efd1a61847.svg,1197,2,.svg,SVG,asset,False,ea4ef5917eb8adb39056dfdac0f704e9c763cdd4470c5fcefbad315874d3c6b1,utf-8,True,,,,,,False,False,0,0,False,,
assets/readme/progress/exercises-xpplus-677f7b4b10.svg,1195,2,.svg,SVG,asset,False,8797175507ae00f57085873b2b446b66ef4ef1dce4f4896ceef1491ca878831f,utf-8,True,,,,,,False,False,0,0,False,,
assets/readme/progress/exercises-xpplus-a44867596e.svg,1195,2,.svg,SVG,asset,False,8797175507ae00f57085873b2b446b66ef4ef1dce4f4896ceef1491ca878831f,utf-8,True,,,,,,False,False,0,0,False,,
assets/readme/progress/file-explorer-e9539c8176.svg,1189,2,.svg,SVG,asset,False,65cbc1868fd83f90402af58d4090b157cd6ca584a06cd5782a9229246070e8b2,utf-8,True,,,,,,False,False,0,0,False,,
assets/readme/progress/files-8fe81ea7e0.svg,1175,2,.svg,SVG,asset,False,10aafd18435f1e787b78921572895a8de1a3ffc9c45c077b270e9129546ac5d5,utf-8,True,,,,,,False,False,0,0,False,,
assets/readme/progress/github-4c40eab00f.svg,1179,2,.svg,SVG,asset,False,7546024cacc5929c51a7bf2f8e210f537706122ab03482252741c2fea3cf0c45,utf-8,True,,,,,,False,False,0,0,False,,
assets/readme/progress/go-wildcats-a2d75a34e0.svg,1185,2,.svg,SVG,asset,False,c615bf0b1c62204d2e19c4f9207f018fad75eb6daf5014ba28f2ba3ddc48c513,utf-8,True,,,,,,False,False,0,0,False,,
assets/readme/progress/gold-happy-birthday-051524da32.svg,1201,2,.svg,SVG,asset,False,2c0310b39f9979334c590460770b5864143f0454f3b9809c579d4f5d7b6a5b48,utf-8,True,,,,,,False,False,0,0,False,,
assets/readme/progress/groceries-a9b8627c73.svg,1181,2,.svg,SVG,asset,False,c60974b86fa5ad3789b6051454a64c74582e19a24eec392e91b0d3cf25b2bbdf,utf-8,True,,,,,,False,False,0,0,False,,
assets/readme/progress/hangman-b986853f16.svg,1177,2,.svg,SVG,asset,False,2e6090274957947c7e9e2ef63d372aaec95a05c3f9b0c26aea945c67239e9a0c,utf-8,True,,,,,,False,False,0,0,False,,
assets/readme/progress/htmlform-73d95fe81c.svg,1179,2,.svg,SVG,asset,False,de5d22a755550cdc595566946b5ef06d9757e898d351b11c0ab65bff6a15c678,utf-8,True,,,,,,False,False,0,0,False,,
assets/readme/progress/js-0cd4cb0b37.svg,1167,2,.svg,SVG,asset,False,05e3d3fd8eb2f0d129c4e3422f2e763382adc0968fc648ce30030bd04b7286f1,utf-8,True,,,,,,False,False,0,0,False,,
assets/readme/progress/js-29ec2b00e3.svg,1167,2,.svg,SVG,asset,False,05e3d3fd8eb2f0d129c4e3422f2e763382adc0968fc648ce30030bd04b7286f1,utf-8,True,,,,,,False,False,0,0,False,,
assets/readme/progress/js-3cf1d71bde.svg,1167,2,.svg,SVG,asset,False,05e3d3fd8eb2f0d129c4e3422f2e763382adc0968fc648ce30030bd04b7286f1,utf-8,True,,,,,,False,False,0,0,False,,
assets/readme/progress/js-4b9f758b89.svg,1167,2,.svg,SVG,asset,False,05e3d3fd8eb2f0d129c4e3422f2e763382adc0968fc648ce30030bd04b7286f1,utf-8,True,,,,,,False,False,0,0,False,,
assets/readme/progress/js-4c5ef18a8f.svg,1167,2,.svg,SVG,asset,False,05e3d3fd8eb2f0d129c4e3422f2e763382adc0968fc648ce30030bd04b7286f1,utf-8,True,,,,,,False,False,0,0,False,,
assets/readme/progress/js-587a00fdcb.svg,1167,2,.svg,SVG,asset,False,05e3d3fd8eb2f0d129c4e3422f2e763382adc0968fc648ce30030bd04b7286f1,utf-8,True,,,,,,False,False,0,0,False,,
assets/readme/progress/js-5af95bf71c.svg,1167,2,.svg,SVG,asset,False,05e3d3fd8eb2f0d129c4e3422f2e763382adc0968fc648ce30030bd04b7286f1,utf-8,True,,,,,,False,False,0,0,False,,
assets/readme/progress/js-6ffd25fbda.svg,1167,2,.svg,SVG,asset,False,05e3d3fd8eb2f0d129c4e3422f2e763382adc0968fc648ce30030bd04b7286f1,utf-8,True,,,,,,False,False,0,0,False,,
assets/readme/progress/js-94e189645b.svg,1167,2,.svg,SVG,asset,False,05e3d3fd8eb2f0d129c4e3422f2e763382adc0968fc648ce30030bd04b7286f1,utf-8,True,,,,,,False,False,0,0,False,,
assets/readme/progress/js-976fc457b5.svg,1167,2,.svg,SVG,asset,False,05e3d3fd8eb2f0d129c4e3422f2e763382adc0968fc648ce30030bd04b7286f1,utf-8,True,,,,,,False,False,0,0,False,,
assets/readme/progress/js-cc32f7f940.svg,1167,2,.svg,SVG,asset,False,a65cdabcf255111d402498218d688d4b44f3d5bd99279a36ef4d8129c1edfc21,utf-8,True,,,,,,False,False,0,0,False,,
assets/readme/progress/js-dc50386d56.svg,1167,2,.svg,SVG,asset,False,05e3d3fd8eb2f0d129c4e3422f2e763382adc0968fc648ce30030bd04b7286f1,utf-8,True,,,,,,False,False,0,0,False,,
assets/readme/progress/js-e6227183df.svg,1167,2,.svg,SVG,asset,False,05e3d3fd8eb2f0d129c4e3422f2e763382adc0968fc648ce30030bd04b7286f1,utf-8,True,,,,,,False,False,0,0,False,,
assets/readme/progress/js-f89a1b20d0.svg,1167,2,.svg,SVG,asset,False,05e3d3fd8eb2f0d129c4e3422f2e763382adc0968fc648ce30030bd04b7286f1,utf-8,True,,,,,,False,False,0,0,False,,
assets/readme/progress/letters-f1db44c3f7.svg,1177,2,.svg,SVG,asset,False,744ba4f96975b0272d4d825f87e7fd1e26a3924cb71ec17fccc4d678a931d318,utf-8,True,,,,,,False,False,0,0,False,,
assets/readme/progress/list-and-strings-c081f54eec.svg,1195,2,.svg,SVG,asset,False,3f3d6fa64faddcdc9c02351667e39fb6221d29448f3960bd1653785543bc8e97,utf-8,True,,,,,,False,False,0,0,False,,
assets/readme/progress/math-app-06109cb6e4.svg,1179,2,.svg,SVG,asset,False,a9002f7fdabaf53ce8bc5e573b68dccb335d94e405051eb15ae0031277fc6749,utf-8,True,,,,,,False,False,0,0,False,,
assets/readme/progress/mini-project-coloring-game-5320641e49.svg,1215,2,.svg,SVG,asset,False,94b223badadce9907356f1f8232ce2d1f01bcea01b0058076f742047f2b7f18e,utf-8,True,,,,,,False,False,0,0,False,,
assets/readme/progress/mini-project-createa-sign-in-form-ba63e6bf9c.svg,1229,2,.svg,SVG,asset,False,e0fd0e72ebf0b544d2c2b9b039d1e34133bf1fa63eb9c47618c9486385bbc4f4,utf-8,True,,,,,,False,False,0,0,False,,
assets/readme/progress/mini-project-vaccines-a94241f92f.svg,1205,2,.svg,SVG,asset,False,2f2202f86a1076d8debe62db07fb4c7979d9c26ac5066396b5af7ef27d12d43b,utf-8,True,,,,,,False,False,0,0,False,,
assets/readme/progress/modules-e3d1c33ab5.svg,1179,2,.svg,SVG,asset,False,290c15fc11ffda32156ab6a33a6e5feb82180d8a4a03d2f695cf48fb71d4e6b8,utf-8,True,,,,,,False,False,0,0,False,,
assets/readme/progress/nodejs-app-and-npm-55f394adf0.svg,1199,2,.svg,SVG,asset,False,7dfa4e1b57af0aa9f86485bc07c2a98c5d875b4e22257699e21fbe79f699e68c,utf-8,True,,,,,,False,False,0,0,False,,
assets/readme/progress/npm-beginner-08778c1dcc.svg,1187,2,.svg,SVG,asset,False,8b167015afc85174f0da0458f18d41fa092652c9de410ac29e0198ba9cb12561,utf-8,True,,,,,,False,False,0,0,False,,
assets/readme/progress/oopquiz-92469ab711.svg,1177,2,.svg,SVG,asset,False,44d58b48ad1d20c75531cec79070a0071713247f78cea77da2f3defc81011683,utf-8,True,,,,,,False,False,0,0,False,,
assets/readme/progress/pagination-1cf902caf8.svg,1183,2,.svg,SVG,asset,False,7316127161cfcabcb90936fe7ae7346fc9765ba03cba5aacce16e04deb94effc,utf-8,True,,,,,,False,False,0,0,False,,
assets/readme/progress/play-with-words-ccce75e27c.svg,1193,2,.svg,SVG,asset,False,b42d0af3380232295eefb979dac3399dce71bd2b6f6212b3ab8a8b0df5e2370f,utf-8,True,,,,,,False,False,0,0,False,,
assets/readme/progress/pokedex-0fed258102.svg,1177,2,.svg,SVG,asset,False,0cc37810948bccdb8393e6bd08751ca609c9709005d0d67324af30ca958cef47,utf-8,True,,,,,,False,False,0,0,False,,
assets/readme/progress/python-4a960de9ce.svg,1177,2,.svg,SVG,asset,False,80c52455448d674327fb758430259b08ea44c4e9da83d3e8cd447b00a0d255eb,utf-8,True,,,,,,False,False,0,0,False,,
assets/readme/progress/random-quote-generator-fdaba25419.svg,1207,2,.svg,SVG,asset,False,0017a5beb823de867a49b9c836852f95bcd91fa51e705ce8e3857a8b46abe35f,utf-8,True,,,,,,False,False,0,0,False,,
assets/readme/progress/readme-9453d23d46.svg,1177,2,.svg,SVG,asset,False,eced9c6b7170a38f64ab943e2d12efb8357ed9efbb5744ef52f7896ef88d6fab,utf-8,True,,,,,,False,False,0,0,False,,
assets/readme/progress/remote-learning-jsand-dom-815ac22973.svg,1213,2,.svg,SVG,asset,False,2ed4ad637bd0a4fef2912c296a6f9a9413bb19fed8a86a6f57002169d3d99e20,utf-8,True,,,,,,False,False,0,0,False,,
assets/readme/progress/remote-learning-oop-03b612090b.svg,1201,2,.svg,SVG,asset,False,7eb0d819048fd559debe837b7461cd5a9d16e6b5d63830573f9c0c33940ad948,utf-8,True,,,,,,False,False,0,0,False,,
assets/readme/progress/rock-paper-scissors-37d39eddc9.svg,1201,2,.svg,SVG,asset,False,4cc606f4212e1135b7c5dd18425248f6db7d6710b6046c5c83392ad037cb78ce,utf-8,True,,,,,,False,False,0,0,False,,
assets/readme/progress/solve-the-matrix-4caca0648d.svg,1195,2,.svg,SVG,asset,False,bcb6c839d700ffd6c4bb204290570355b679f863b2e5ce3e6a38b62213bf6a08,utf-8,True,,,,,,False,False,0,0,False,,
assets/readme/progress/sounds-2df62309e0.svg,1177,2,.svg,SVG,asset,False,1fb0253ce6aaa03f3e75881843b390c7952b0d852fb0871328c6562b65b93cc8,utf-8,True,,,,,,False,False,0,0,False,,
assets/readme/progress/src-1961a64603.svg,1169,2,.svg,SVG,asset,False,f68eb4b8fe69ac658e34d72dbaaed17f6fa884365c4698cce5d1df622cabbb46,utf-8,True,,,,,,False,False,0,0,False,,
assets/readme/progress/src-66a533bc61.svg,1169,2,.svg,SVG,asset,False,f68eb4b8fe69ac658e34d72dbaaed17f6fa884365c4698cce5d1df622cabbb46,utf-8,True,,,,,,False,False,0,0,False,,
assets/readme/progress/src-a434c98586.svg,1169,2,.svg,SVG,asset,False,f68eb4b8fe69ac658e34d72dbaaed17f6fa884365c4698cce5d1df622cabbb46,utf-8,True,,,,,,False,False,0,0,False,,
assets/readme/progress/src-a542c6e722.svg,1169,2,.svg,SVG,asset,False,f68eb4b8fe69ac658e34d72dbaaed17f6fa884365c4698cce5d1df622cabbb46,utf-8,True,,,,,,False,False,0,0,False,,
assets/readme/progress/star-wars-web-app-63b913747f.svg,1197,2,.svg,SVG,asset,False,45dc76eabd546cee3ca7b35fb289ccd492057f299a0fe5851347c6fa4edea5ce,utf-8,True,,,,,,False,False,0,0,False,,
assets/readme/progress/task-1-ea89997211.svg,1175,2,.svg,SVG,asset,False,42444953638e729e5c7b6821307e65f845b0a4fc931243fa3ce7222a13248d3e,utf-8,True,,,,,,False,False,0,0,False,,
assets/readme/progress/task-2-fdb5b7dbaa.svg,1175,2,.svg,SVG,asset,False,5816df305a85af94386ddb4890b9c2b96b2d1b61e0faefde10c5c65ba5419630,utf-8,True,,,,,,False,False,0,0,False,,
assets/readme/progress/task-3-a8f915097a.svg,1175,2,.svg,SVG,asset,False,f2a5615d954b3dd87157c29a7ec39423d13fab5153c578cd9b0775f73000e84d,utf-8,True,,,,,,False,False,0,0,False,,
assets/readme/progress/tell-the-story-cd3ae5ebb9.svg,1191,2,.svg,SVG,asset,False,f92f2b011a28cdb7b851751663c907075e4f6f72652a031b0eead1f68997a648,utf-8,True,,,,,,False,False,0,0,False,,
assets/readme/progress/tests-04d13fd0aa.svg,1175,2,.svg,SVG,asset,False,19cd75c1bedc770cc08fbc5e9bd28348983d3dc4e94ac0ab524f6e71cbfd304e,utf-8,True,,,,,,False,False,0,0,False,,
assets/readme/progress/tests-0c695b6ae8.svg,1175,2,.svg,SVG,asset,False,19cd75c1bedc770cc08fbc5e9bd28348983d3dc4e94ac0ab524f6e71cbfd304e,utf-8,True,,,,,,False,False,0,0,False,,
assets/readme/progress/text-analysis-721b11fc6e.svg,1189,2,.svg,SVG,asset,False,f40ca8a7c4f6eefade33163e4a5935165920a4832917e7920e812ce42276f6ee,utf-8,True,,,,,,False,False,0,0,False,,
assets/readme/progress/tic-tac-toe-ed49f2ef4e.svg,1185,2,.svg,SVG,asset,False,354e1123e0aac3cc7bef718931018afb9026d773fd1174d575e12898c304c269,utf-8,True,,,,,,False,False,0,0,False,,
assets/readme/progress/timed-challenge1-11eb650428.svg,1195,2,.svg,SVG,asset,False,40fa5944a8a062556a9ff3dc22efe2f928a7464d2af2a0c06d8f4e43a57ef241,utf-8,True,,,,,,False,False,0,0,False,,
assets/readme/progress/timed-challenge1-761d03d053.svg,1195,2,.svg,SVG,asset,False,40fa5944a8a062556a9ff3dc22efe2f928a7464d2af2a0c06d8f4e43a57ef241,utf-8,True,,,,,,False,False,0,0,False,,
assets/readme/progress/timed-challenge2-a4265f7705.svg,1195,2,.svg,SVG,asset,False,093003ffe39d333d4dc83a566cfc19fb098cdfa60688a399863a592e6ffd54dc,utf-8,True,,,,,,False,False,0,0,False,,
assets/readme/progress/todo-app-fd921d256b.svg,1179,2,.svg,SVG,asset,False,86efe6390a54d58565ed060c1cbcfb4ff05f30df4668a9bdb0f3f1a3949ccdca,utf-8,True,,,,,,False,False,2,0,False,,
assets/readme/progress/todo-list-1254c9044b.svg,1181,2,.svg,SVG,asset,False,167490264fe32bf58c7f4f83640ce22788a81f1718d8efed450f38050d5ce681,utf-8,True,,,,,,False,False,2,0,False,,
assets/readme/progress/tools-0284c6ac58.svg,1173,2,.svg,SVG,asset,False,08e9cf521469064f490fcdc17acc05f7001deffd193733d739fdb517db76f736,utf-8,True,,,,,,False,False,0,0,False,,
assets/readme/progress/translator-31054dc2af.svg,1183,2,.svg,SVG,asset,False,a01b76b33d011d702e637c37ddc7ed809d8bc31339c32664b83a737c1845149b,utf-8,True,,,,,,False,False,0,0,False,,
assets/readme/progress/true-or-false-1764d91f98.svg,1189,2,.svg,SVG,asset,False,75f1ae860221f8d2bd7807aa9ceda7254130e00f7abb2229dc94f3b5fefaf56e,utf-8,True,,,,,,False,False,0,0,False,,
assets/readme/progress/union-type-validator-805b55c1bb.svg,1203,2,.svg,SVG,asset,False,3ccd0058db194ed440a8d0da2726a7787df7b5e2446e8a6aba69d8410b2c2476,utf-8,True,,,,,,False,False,0,0,False,,
assets/readme/progress/user-info-cc666f7b51.svg,1181,2,.svg,SVG,asset,False,6707f0667b7ba9fbab3e94f8b8f4f4c115749c676ad6b3258b45c1605e18ef01,utf-8,True,,,,,,False,False,0,0,False,,
assets/readme/progress/weather-app-3ec8010478.svg,1185,2,.svg,SVG,asset,False,3c8ebae8b4b08d21381da4a94d0ea908d15a74d810082a1d6e9180eae487bae0,utf-8,True,,,,,,False,False,0,0,False,,
assets/readme/progress/week1-python-6dd83c5ba0.svg,1187,2,.svg,SVG,asset,False,b4361b2183f3d1751928ea590795b8c6d979083e74e96ff4289bdb9a404eccca,utf-8,True,,,,,,False,False,0,0,False,,
assets/readme/progress/week2-oop-f3122b8ed5.svg,1183,2,.svg,SVG,asset,False,98deb04564eaee4ca66dbe56cb6116af55c6a046f05572700cc3e1f8e1940061,utf-8,True,,,,,,False,False,0,0,False,,
assets/readme/progress/week3-java-scriptand-dom-6198da8760.svg,1211,2,.svg,SVG,asset,False,587bc95eaab5a499da35b34a3a8c15b039e10bf03e6f4443c18f230be0e484c2,utf-8,True,,,,,,False,False,0,0,False,,
assets/readme/progress/week4-adv-asynchronous-java-script-9e969cfe32.svg,1231,2,.svg,SVG,asset,False,c739147c1feab92d3262ac21bc43d2209954e7dcbf81a17eaa372797c4f7aa0d,utf-8,True,,,,,,False,False,0,0,False,,
assets/readme/progress/week5-mini-project-and-type-script-e3ca5bd6e9.svg,1231,2,.svg,SVG,asset,False,7de98cae5f8623c195117ce5ffa23d5e0355405dd9940c4df378c0b50dff52f3,utf-8,True,,,,,,False,False,0,0,False,,
assets/readme/progress/week6-databases-and-nodejs-4095c435e8.svg,1215,2,.svg,SVG,asset,False,50ad20e9f0d8128a4e9e7df6cba912b46ef17ad267f3ea5d62a18b4843a35e78,utf-8,True,,,,,,False,False,0,0,False,,
assets/readme/progress/words-in-the-stars-47bf0873fc.svg,1199,2,.svg,SVG,asset,False,a7034047fc2b9381391cf67e6b835f90e51d7a4924e0a37504ee376c48081881,utf-8,True,,,,,,False,False,0,0,False,,
assets/readme/progress/workflows-93d7c4b837.svg,1183,2,.svg,SVG,asset,False,db83fd42a062f677af10a3a308264e70d953d32243465ef6f64c0490a44dbc17,utf-8,True,,,,,,False,False,0,0,False,,
assets/readme/stack-pulse.svg,2318,46,.svg,SVG,asset,False,dd8f2aed08b69c730a22715e1d6c275a2ee31b25c495a03b72dbc191d3181206,utf-8,True,,,,,,False,False,0,0,False,,
assets/readme/ultimate/nova-footer-pulse.svg,1258,1,.svg,SVG,asset,False,ff76c9390cb7da7ea26a35de3adbbfca16b26e9af0c135024a3e30a20f3e7a63,utf-8,True,,,,,,False,False,0,0,False,,
assets/readme/ultimate/nova-readiness-live.svg,4679,49,.svg,SVG,asset,False,89ab698cfff5d56126405a793d7fcdf72693c955481d78e01434123367b2d9ec,utf-8,True,,,,,,False,False,0,0,False,,
assets/readme/ultimate/nova-roadmap-horizon.svg,2841,5,.svg,SVG,asset,False,65a67ffc0afdeaefca8dd0d9eaf1174cbd74fd7e965327d106cf64db0923ef3b,utf-8,True,,,,,,False,False,0,0,False,,
assets/readme/ultimate/nova-root-banner.svg,6226,77,.svg,SVG,asset,False,de6b62bca70e212383410ee543e589f9f61349759961a6306c109ff5dd29b24c,utf-8,True,,,,,,False,False,0,0,False,,
assets/readme/ultimate/nova-six-weeks-journey.svg,4528,10,.svg,SVG,asset,False,3a0138eb09ef022d2693fff605bda64c33efa0a07f8a5f66bcad74e85bc176b7,utf-8,True,,,,,,False,False,0,0,False,,
assets/readme/ultimate/nova-stack-galaxy.svg,5340,96,.svg,SVG,asset,False,89188bea28ca996894babbd9785228e26824fe188d50627ed75fed84dfb793b3,utf-8,True,,,,,,False,False,0,0,False,,
assets/readme/ultimate/nova-twelve-week-journey.svg,6447,39,.svg,SVG,asset,False,2d5ab57ff2c4d3e493f2ea4d6d4513edd95216fc6c2c818207351b76d7d54305,utf-8,True,,,,,,False,False,0,0,False,,
assets/readme/visual_manifest.json,4647,79,.json,JSON,configuration,False,714beebe18afb5dbd760838dc818f74b3febff409019dbbd64a243980b16aa21,utf-8,True,,,,,,False,False,0,0,False,,
eslint.config.js,2469,79,.js,JavaScript,source,False,872379675c6f925e4a8a9dd4b3324b7367747cc47090945a360a92d345706c81,utf-8,True,,,,,,False,False,0,0,False,,
package-lock.json,47545,1342,.json,JSON,configuration,False,8658f5f0e2e7a78d764afcd6dd4a4edf4958ebcbb7e9c533f13c0125cf3c08c7,utf-8,True,,,,,,False,False,0,0,False,,
package.json,2243,46,.json,JSON,configuration,False,f23e095d11bdece1c98bcfe87820a93e9473854f7398a4d729e5cd3a3472790a,utf-8,True,,,,,,False,False,0,0,False,,
pyproject.nova.suggested.toml,322,13,.toml,TOML,configuration,False,9263ac0848aae33c2457615c43d74743b147ba0667a221ee13e1917a9ff29588,utf-8,True,,,,,,False,False,0,0,False,,
pyproject.toml,266,12,.toml,TOML,configuration,False,360334d4408c8b554e53902b326e1590c7698f9324401c1a3860cafe4b3d56fb,utf-8,True,,,,,,False,False,0,0,False,,
reports/nova/NOVA_UPDATE_REPORT.md,127431,599,.md,Markdown,report,False,c27fb330404d829c6b497fe4f2e69f354d8b8a5f67c5316e0ca58730d43234ed,utf-8,True,,,,,,False,False,6,0,False,,
reports/nova/README.md,2186,29,.md,Markdown,report,False,ca52e9fdcf0531ca5e8ede0803a761bdd2f5791c93d6f1682b19aed2b7012fe7,utf-8,True,,,,,,False,True,0,0,False,,
reports/nova/README.nova.generated.md,1718,48,.md,Markdown,report,False,94dee5fa611da50821672f4470cabf53997810f684b30eb5e905c0bba3fae9c1,utf-8,True,,,,,,False,False,0,0,False,,
reports/nova/SUMMARY.txt,396,20,.txt,Text,report,False,fcbc7c88da5327c6230cb8402cbd71b689c8a18aba7ffd260079da58d135e256,utf-8,True,,,,,,False,False,0,0,False,,
reports/nova/catalog_manifest.json,777,19,.json,JSON,report,False,82138a08a924b4017b53961aa455aecf6d1a3d21e55b5ee90d3261adb47aed11,utf-8,True,,,,,,False,False,0,0,False,,
reports/nova/exercise_catalog.csv,92049,125,.csv,Other,report,False,deb7c936cc9d282df6238c71746e613fa3e6817793ca275b210f08a8f3c7c552,utf-8,True,,,,,,False,False,9,0,False,,
reports/nova/exercise_catalog.md,31658,140,.md,Markdown,report,False,d88638c21c375d3b3e395493c221080717e41152581989a6b18164591aebb254,utf-8,True,,,,,,False,False,2,0,False,,
reports/nova/exercise_catalog_metadata.csv,25780,125,.csv,Other,report,False,c4706fa1ee009eb78e2b2988af9889afd2ab6de463b43b70bd6a0540373c10d2,utf-8,True,,,,,,False,False,2,0,False,,
reports/nova/next_actions.md,4317,139,.md,Markdown,report,False,49ebbf20f3c5bf7670cfa9b4add9af85332db1120c39936b4ccec270c4cb1339,utf-8,True,,,,,,False,False,0,24,False,,
reports/nova/nova_repo_audit.json,23406,700,.json,JSON,report,False,e674e1fbad6c420528fb04e1a9280fd4c62ea7af95f391b20f20b84a1e449248,utf-8,True,,,,,,False,False,0,0,False,,
reports/nova/nova_repo_audit.md,1296,42,.md,Markdown,report,False,79dacc12ab70929a1a2e2627a2727a5739f0fc21a8255469ff56b5115285bb23,utf-8,True,,,,,,False,False,0,0,False,,
reports/nova/nova_repo_dashboard.html,26307,12,.html,HTML,report,False,9f5a2e1cde22bccfdec66bd635e6d64e4076ea5929f7904e59e1d3b8a8ea5a78,utf-8,True,,,,,,False,False,0,0,False,,
reports/nova/quality_report.json,441,18,.json,JSON,report,False,b8922e175b9d956ecd0060eb981504a9ee1004499447b0e40d68097a4c7830b6,utf-8,True,,,,,,False,False,0,0,False,,
reports/nova/quality_report.md,195,10,.md,Markdown,report,False,031b2259d428fb7a5d266a8423cf620ecf4b6c6632781329cd8a8e6878e45dc2,utf-8,True,,,,,,False,False,0,0,False,,
reports/nova/rename_plan.csv,567,3,.csv,Other,report,False,b7a9dcd3b3748a421cf8aeebed8586edaec4cde60a8ad199b08ec6d4a5143e3b,utf-8,True,,,,,,False,False,0,0,False,,
reports/nova/tree.txt,53826,1162,.txt,Text,report,False,c64a965fd7cddee1844a1479fa5557372c4c5044e0102be632ad4795fe5f1435,utf-8,True,,,,,,False,False,6,0,False,,
reports/resume/ACADEMY_ALIGNMENT_2026-08-24.md,7808,94,.md,Markdown,report,False,39e25aeb1afee64263c7495de7964d0d948acc033c751490dd96a758b7c290d8,utf-8,True,,,,,,False,False,0,0,False,,
reports/resume/BASELINE_2026-08-23.md,6749,104,.md,Markdown,report,False,6e14d59d7cdf28289052d1ab2a94a1f42f150ecd29346c6a4213789f05966f1a,utf-8,True,,,,,,False,False,0,0,False,,
reports/resume/CONSOLIDATION_RESULT.md,3175,47,.md,Markdown,report,False,9a6554749af2df88f472af280356bc9bea0b62c16a0afce27aeed7cbf33f9e8f,utf-8,True,,,,,,False,False,0,0,False,,
reports/resume/CURRENT_STAGED_COMMIT_2026-08-24.md,6285,119,.md,Markdown,report,False,f12a6d9d68718642e95f49282b815c365ce8edbd2606362a2252d98970c0ed10,utf-8,True,,,,,,False,False,0,0,False,,
reports/resume/DECISION_LOG.md,8177,115,.md,Markdown,report,False,d177a12916f6a2fc8e5b5e0d49abaa87d50274577318c1f5aa07b4751314da4f,utf-8,True,,,,,,False,False,0,0,False,,
reports/resume/DUPLICATE_ANALYSIS.csv,25515,66,.csv,Other,report,False,2121ab0e0b7ceb0176a10993503caee3cd3c9821287f035fe63d2f54306a7a36,utf-8,True,,,,,,False,False,0,0,False,,
reports/resume/GITHUB_GOVERNANCE_AUDIT_2026-08-24.md,12822,215,.md,Markdown,report,False,5f282d1f7e4a34fa152fae5206afab82f0ee7d42c60c212d2f4ce5832c7f7563,utf-8,True,,,,,,False,False,1,0,False,,
reports/resume/OPEN_WORK_TRIAGE.md,3770,45,.md,Markdown,report,False,d0aa5f1fc234a26352c86ea757b346b5f32479d91fddfbbef9609ea3cd8190eb,utf-8,True,,,,,,False,False,0,0,False,,
reports/resume/STRUCTURE_MAP.md,10312,118,.md,Markdown,report,False,4014ae079c86ddcc8d7007c4d3ccb4db6a5bb286b6f620af468e2bae883f3e52,utf-8,True,,,,,,False,False,0,0,False,,
reports/resume/TEST_COVERAGE_MAP.md,7240,50,.md,Markdown,report,False,58d16e23e133782787cc213cfd38573fff1a811fded05fe8d25c0adaff5933a4,utf-8,True,,,,,,False,False,1,0,False,,
reports/resume/WAVE_0_1_COMMIT_PLAN.md,7750,304,.md,Markdown,report,False,c1342c094e406db2e3d6a5a7ca6b45472ff9789fbd0edd6f0e58d24d56d427ae,utf-8,True,,,,,,False,False,0,0,False,,
tests/README.md,1691,63,.md,Markdown,test,False,22c4d80915cae84c79c0c44c4de1507f19b7805d929fdea859792f49f7c6c3f7,utf-8,True,,,,,,True,True,0,0,False,,
tests/js/README.md,1564,58,.md,Markdown,test,False,c8f19f8e1ae17e6c1415df2f555b098d2184801e3187b180ac4e0eae5dc88d09,utf-8,True,,,,,,True,True,0,0,False,,
tests/js/math_helpers.test.mjs,1174,34,.mjs,JavaScript,test,False,32fbeeabdc7f954647f8182ba1ebdccf70baa74ae9c4f3bb5c7e3ce382f47550,utf-8,True,,,,,,True,False,0,0,False,,
tests/js/repository_health.test.mjs,1132,25,.mjs,JavaScript,test,False,25287a642fed3ed62dda696e74d852ca8fa51516eff3eb89a71bd311a91bbe7c,utf-8,True,,,,,,True,False,0,0,False,,
tests/js/typescript_syntax.test.mjs,1584,45,.mjs,JavaScript,test,False,235b53c1b03160931a73201583805854bd4a6b25f106002a82ddbd1af68ba20b,utf-8,True,,,,,,True,False,0,0,False,,
tests/python/README.md,1694,63,.md,Markdown,test,False,d97c90f89f52e0825727f8470564b2a6fdd119f1238088853097adcee2c78f00,utf-8,True,,,,,,True,True,0,0,False,,
tests/python/_loader.py,1127,31,.py,Python,test,False,a20caf761a3a08e74a00fed281943559ea330f5baad212cfaccf5a5eecc10579,utf-8,True,,,,,,True,False,0,0,False,,
tests/python/test_circle.py,916,27,.py,Python,test,False,7d5c6e6a7cc289be538a996e366cab7be1e6ad46727acd08da7e3dfce87cfe4b,utf-8,True,,,,,,True,False,0,0,False,,
tests/python/test_display_titles.py,649,25,.py,Python,test,False,925c3bfd56604b2429fcd8a21134f3441af7f517188e3469e62df4eae7c06424,utf-8,True,,,,,,True,False,0,0,False,,
tests/python/test_hangman.py,821,24,.py,Python,test,False,566d13b5ce95f343146f3b5ea7ee53c730132a98ff3dbe778d3830362b29b201,utf-8,True,,,,,,True,False,0,0,False,,
tests/python/test_learning_intake.py,8461,203,.py,Python,test,False,9d374c00dba117d849f96d8ebf5f18ae81e4335e8cb9c259ea72259ed6f268bb,utf-8,True,,,,,,True,False,0,0,False,,
tests/python/test_nova_generator.py,3009,79,.py,Python,test,False,ba559d21995d5c66c045ea1730dbadb0fb7e44390a4b40b4796ebd68677b2b2c,utf-8,True,,,,,,True,False,0,0,False,,
tests/python/test_readme_visuals.py,656,25,.py,Python,test,False,63acce490c7beb3573b852999a3f59a469ca2d2bfe6f3fc7b2f704c869ec444c,utf-8,True,,,,,,True,False,0,0,False,,
tests/python/test_repository_layout.py,8823,213,.py,Python,test,False,96006bd38845733dea271bff890d7554808fba13da859faf60dc3cf6b0a31a14,utf-8,True,,,,,,True,False,0,0,False,,
tests/python/test_tictactoe.py,1168,28,.py,Python,test,False,e1b2216038f78489644aad1ce67b4068c49e7f0aadbf9ef3869a2c95dcf057ec,utf-8,True,,,,,,True,False,0,0,False,,
tests/python/test_timer.py,1255,36,.py,Python,test,False,1c399ced909426ed243eea2e35a5a57f5b050fb343155c657471abe1542c8828,utf-8,True,,,,,,True,False,0,0,False,,
tools/README.md,1582,60,.md,Markdown,documentation,False,2ba5c544da8e2b3ad455c246d8d629bea56047f18cedc93356598808f795bd3a,utf-8,True,,,,,,False,True,0,0,False,,
tools/check_typescript_syntax.mjs,2140,64,.mjs,JavaScript,source,False,69e49d42e6dbe5100c08b2ca057357b828582f3b33eb0439da348aa61d5b39fd,utf-8,True,,,,,,False,False,0,0,False,,
tools/learning_intake.py,21220,550,.py,Python,source,False,6b0784d6312f5fcf675f1c0986fcab088eb50badbe84a92d99527e8bcff5fa8e,utf-8,True,,,,,,False,False,0,0,False,,
tools/nova_quality_gate.py,15551,362,.py,Python,source,False,719964bfc16055bceae7491a0dea87199a8bf8c3379ff4eada71483b338263a3,utf-8,True,,,,,,False,False,0,0,False,,
tools/nova_ultimate.py,102706,1945,.py,Python,source,False,6ecbb0688ec57559c373cc1e1ad8097fda7faa292e9e0a83767d8eccde321f0d,utf-8,True,,,,,,False,False,0,0,False,,
tools/refresh_structure_catalogs.py,27389,678,.py,Python,source,False,7564e71752df3f7501b70c0c7a006aadbe762d7094adb7346ce8f5386712bfae,utf-8,True,,,,,,False,False,2,0,False,,
tools/run_node_tests.mjs,918,29,.mjs,JavaScript,source,False,93c83a13cc3a13d41d84b189ffc739e96756f9d120978663ff7beeca0cdf5455,utf-8,True,,,,,,False,False,0,0,False,,
tools/validate_display_titles.py,9408,258,.py,Python,source,False,118f2367f90ee76b326019c665ee0e1c2a436bec46346e26dfe23a33e64ce355,utf-8,True,,,,,,False,False,0,0,False,,
tools/validate_readme_visuals.py,5113,127,.py,Python,source,False,a4c9cbd8f547e86fbb04e57aa848e37ab473e4632514e5ef17c25450af1e3fb3,utf-8,True,,,,,,False,False,0,0,False,,
tools/validate_repository_structure.py,27208,704,.py,Python,source,False,a7a86fec7bba0dfc6f67cfcee2df179e9faa7e51a0cb6a196552bf2881276708,utf-8,True,,,,,,False,False,0,0,False,,
tools/verify_eslint_baseline.mjs,1735,66,.mjs,JavaScript,source,False,9e9e5f592d589d6932fac686514b7fc773c71e8cc372fdc6c3a7640d26fdcf51,utf-8,True,,,,,,False,False,0,0,False,,
